"","player","height","weight","forty","vertical","broad_jump","three_cone","shuttle","G","Rec","RecYds","RecAvg","RecTD","RushAtt","RushYds","RushAvg","RushTD","Plays","TotYds","TotAvg","TotTD","ConfIndicator"
"1","drew carter",76,204,4.36,36.5196593793573,124.824360848432,6.95120245138657,4.231623217051,13,10,147,14.7,0,0,0,0,0,10,147,14.7,0,"1"
"2","michael clayton",75,209,4.67,32.5,116,6.77,4.09,14,78,1079,13.8,10,3,25,8.3,0,81,1104,13.6,10,"1"
"3","keary colbert",73,207,4.6,30,115.985196399104,7.02362016111601,4.26764031244403,13,69,1013,14.7,9,3,29,9.7,0,72,1042,14.5,9,"0"
"4","terrance copper",72,208,4.53,35.5,116,7.34,4.31,12,87,897,10.3,2,3,14,4.7,0,90,911,10.1,2,"0"
"5","jerricho cotchery",72,212,4.54,36,121,6.93,3.91,13,86,1369,15.9,10,7,32,4.6,0,93,1401,15.1,10,"1"
"6","devard darling",73,213,4.52,37,129,6.97033617644692,4.23685738143373,13,50,830,16.6,7,1,5,5,0,51,835,16.4,7,"0"
"7","larry fitzgerald",75,225,4.48,35.9518462884931,123.473189746195,6.99140315569182,4.21375184693559,13,92,1672,18.2,22,1,7,7,0,93,1679,18.1,22,"0"
"8","carlos francis",69,198,4.33,38.5,114,6.97,4.06,13,75,1177,15.7,9,8,42,5.3,0,83,1219,14.7,9,"1"
"9","d j  hackett",74,199,4.53,41,131,6.79,4.08,13,18,211,11.7,4,0,0,0,0,18,211,11.7,4,"1"
"10","derrick hamilton",75,196,4.54,34.9071295007844,121.63837571223,6.94612321375398,4.2071826646793,13,62,1026,16.5,10,17,111,6.5,0,79,1137,14.4,10,"1"
"11","devery henderson",71,198,4.41,36.2235682732507,122.011703113989,6.92578121245528,4.19768790537337,14,53,861,16.2,11,8,37,4.6,0,61,898,14.7,11,"1"
"12","justin jenkins",71,213,4.6,35,123,7.47,4.16,12,62,880,14.2,9,0,0,0,0,62,880,14.2,9,"1"
"13","michael jenkins",76,218,4.4,36.3541779631167,124.332741875898,6.97854235567495,4.22111647649169,13,55,834,15.2,7,0,0,0,0,55,834,15.2,7,"1"
"14","kelvin kight",72,213,4.56,34,109,7.18,4.24,13,39,591,15.2,3,1,7,7,0,40,598,15,3,"1"
"15","maurice mann",73,191,4.57,34,118,6.96041785025531,4.23655063023838,8,35,594,17,2,3,8,2.7,0,38,602,15.8,2,"0"
"16","johnnie morant",76,229,4.51,41,130,7.34,4.22,12,46,799,17.4,5,3,15,5,0,49,814,16.6,5,"0"
"17","samie parker",70,179,4.39,36,121.369838824427,6.87119969255163,4.17961330336629,13,77,1088,14.1,7,5,48,9.6,0,82,1136,13.9,7,"0"
"18","derek abney",69,179,4.58,33.5,120,6.89,4.08,12,51,616,12.1,5,11,148,13.5,0,62,764,12.3,5,"1"
"19","p k  sam",75,210,4.54,34.5,121.317868290966,7.04,4.24903534658131,13,50,735,14.7,5,2,4,2,0,52,739,14.2,5,"1"
"20","jonathan smith",70,194,4.78,32.5,114,7.05455372894263,4.35,13,78,1138,14.6,5,15,45,3,0,93,1183,12.7,5,"1"
"21","john standeford",75,197,4.6,32.5,113,6.9,4.08,13,77,1150,14.9,4,0,0,0,0,77,1150,14.9,4,"1"
"22","kendrick starling",73,193,4.49,31.5,119,6.88,3.87,10,28,296,10.6,0,5,12,2.4,1,33,308,9.3,1,"0"
"23","jamaar taylor",73,197,4.46,35.6342896161341,123.442582030187,6.95171708784169,4.21899303707857,6,25,456,18.2,4,2,13,6.5,0,27,469,17.4,4,"1"
"24","sloan thomas",73,203,4.5,35.2066637289806,122.005318089199,6.97108405254825,4.24208034733523,13,20,336,16.8,2,0,0,0,0,20,336,16.8,2,"1"
"25","andrae thurman",71,192,4.54,34.5,121,7.31,4.3,12,61,915,15,3,3,12,4,0,64,927,14.5,3,"0"
"26","darius watts",73,188,4.5,35.1957619447225,121.078876206958,6.91436747299677,4.19132431620585,12,74,968,13.1,11,11,100,9.1,0,85,1068,12.6,11,"0"
"27","ernest wilford",76,226,4.79,40.5,130,6.99079638011855,4.17,13,55,886,16.1,3,0,0,0,0,55,886,16.1,3,"0"
"28","reggie williams",76,229,4.56,34.793369294603,121.449834041756,7.03039736958528,4.24030361968928,12,89,1109,12.5,8,3,11,3.7,0,92,1120,12.2,8,"0"
"29","roy williams",74,212,4.48,35.5626749506963,122.290528442789,6.97338420325819,4.21395616825579,13,70,1079,15.4,9,4,36,9,0,74,1115,15.1,9,"1"
"30","george wilson",72,213,4.63,35,120,7.07,3.98,13,50,900,18,6,0,0,0,0,50,900,18,6,"1"
"31","rashaun woods",74,202,4.47,39,125,6.93,3.97,13,77,1367,17.8,15,0,0,0,0,77,1367,17.8,15,"1"
"32","kevin youngblood",76,213,4.64,34,120.344695200327,7.00982576019953,4.23780733067346,13,70,897,12.8,2,0,0,0,0,70,897,12.8,2,"1"
"33","mark bradley",73,201,4.37,39.5,128,6.96,3.98,13,23,491,21.3,7,4,73,18.3,1,27,564,20.9,8,"1"
"34","reggie brown",74,196,4.45,41.5,128,6.99,3.94,12,53,860,16.2,6,4,35,8.8,0,57,895,15.7,6,"1"
"35","mark clayton",70,193,4.41,36.5,118,6.95,4.07,13,66,876,13.3,8,4,11,2.8,0,70,887,12.7,8,"1"
"36","airese currie",70,186,4.49,38,125,7.05,4.07,11,61,868,14.2,2,6,8,1.3,0,67,876,13.1,2,"1"
"37","braylon edwards",75,211,4.45,35.9284238146722,122.861948730332,6.95515957635569,4.18322896886463,12,97,1330,13.7,15,6,61,10.2,0,103,1391,13.5,15,"1"
"38","craig bragg",73,196,4.46,36,122.655766995431,6.9396655154971,4.21630830357909,9,36,483,13.4,4,1,2,2,0,37,485,13.1,4,"0"
"39","chris henry",76,197,4.5,35.3550751169503,123.29931451477,6.94188331245086,4.21412898087248,11,52,872,16.8,12,1,2,2,0,53,874,16.5,12,"0"
"40","brandon jones",73,210,4.42,37,114,7.03,4.08,13,27,345,12.8,3,0,0,0,0,27,345,12.8,3,"1"
"41","terrence murphy",73,202,4.39,36.2245357134749,122.825153480084,6.94025213181294,4.20207959101609,11,56,721,12.9,3,4,31,7.8,0,60,752,12.5,3,"1"
"42","chase lyman",75,217,4.5,35.639191017929,126.278137463083,7.01348827103189,4.27958442605025,4,14,414,29.6,5,1,13,13,0,15,427,28.5,5,"0"
"43","chad owens",67,183,4.62,37,116,6.7,3.94,13,102,1290,12.6,17,1,0,0,0,103,1290,12.5,17,"0"
"44","roscoe parrish",70,168,4.37,36.3700462674487,122.173329045104,6.84639042763946,4.16701384806609,12,43,693,16.1,8,9,60,6.7,0,52,753,14.5,8,"1"
"45","tab perry",74,229,4.46,34,116,7,4.26904919536115,11,22,375,17,3,0,12,0,1,22,387,17.6,4,"0"
"46","fred gibson",76,196,4.55,38.5,126,7.03,4.1,12,49,801,16.3,7,1,11,11,0,50,812,16.2,7,"1"
"47","courtney roby",72,189,4.41,36.5,126,6.6,3.94,11,55,810,14.7,7,21,135,6.4,2,76,945,12.4,9,"1"
"48","j r  russell",75,206,4.56,34.5,121.432411555155,6.97384760128562,4.23110590938116,13,75,1213,16.2,8,0,0,0,0,75,1213,16.2,8,"0"
"49","craphonso thorpe",73,188,4.38,36.2041127440077,122.90242324421,6.90616651874215,4.19299146838872,11,40,496,12.4,2,0,0,0,0,40,496,12.4,2,"1"
"50","paris warren",72,219,4.71,31.5,115.911694406046,7.05305627239099,4.25734608689503,12,80,1076,13.5,12,28,157,5.6,2,108,1233,11.4,14,"0"
"51","mike williams",77,229,4.56,36.5,123.539852302768,7.00782053048757,4.21533326016776,13,95,1314,13.8,16,3,26,8.7,0,98,1340,13.7,16,"0"
"52","troy williamson",73,203,4.32,37.3046650140789,126.010561190975,6.99,4.23047924276192,11,43,835,19.4,7,4,30,7.5,0,47,865,18.4,7,"1"
"53","david anderson",70,192,4.57,34,116,6.88,4.2,12,86,1221,14.2,8,3,23,7.7,0,89,1244,14,8,"0"
"54","devin aromashodu",74,201,4.35,39,120,7.04,4.16,12,26,494,19,4,0,0,0,0,26,494,19,4,"1"
"55","jason avant",72,212,4.62,37,118,6.97303991118163,4.18047331162188,12,82,1007,12.3,8,0,0,0,0,82,1007,12.3,8,"1"
"56","hank baskett",75,224,4.5,35,119,6.79,4.17,11,67,1071,16,9,0,0,0,0,67,1071,16,9,"0"
"57","jason carter",72,211,4.6,33,116,6.89,4.21,12,36,468,13,0,9,68,7.6,3,45,536,11.9,3,"1"
"58","cory rodgers",72,188,4.58,33.5,110,7.37,4.19,12,52,685,13.2,5,17,41,2.4,5,69,726,10.5,10,"0"
"59","skyler green",69,192,4.53,34,118,6.95219688033962,4.21738019304032,13,32,268,8.4,0,16,126,7.9,0,48,394,8.2,0,"1"
"60","derek hagan",74,208,4.45,36,124,6.88112384817795,4.07,12,77,1210,15.7,8,0,0,0,0,77,1210,15.7,8,"0"
"61","mike hass",73,208,4.59,32,116,6.97,4.14,11,90,1532,17,6,2,18,9,0,92,1550,16.8,6,"0"
"62","devin hester",71,190,4.41,38,124,6.91435142505419,4.19128103325686,10,5,55,11,0,15,94,6.3,0,20,149,7.5,0,"1"
"63","santonio holmes",71,188,4.35,36.8047441710793,123.733335442072,6.88836502496611,4.18141052092253,12,53,977,18.4,11,0,0,0,0,53,977,18.4,11,"1"
"64","chad jackson",73,213,4.32,38.5,122,6.73,3.97,12,88,900,10.2,9,16,89,5.6,2,104,989,9.5,11,"1"
"65","adam jennings",69,181,4.44,37.5,118,6.88,4.12,12,22,278,12.6,3,3,19,6.3,0,25,297,11.9,3,"0"
"66","greg jennings",71,197,4.42,36.5,117,6.68,4.16,11,74,1092,14.8,11,3,12,4,0,77,1104,14.3,11,"0"
"67","brandon marshall",76,229,4.52,37,120,7.00471532279611,4.22403087534076,13,74,1195,16.1,11,1,3,3,0,75,1198,16,11,"0"
"68","anthony mix",76,235,4.48,31.5,111,7.07914869095395,4.28470173178962,12,23,288,12.5,2,0,0,0,0,23,288,12.5,2,"1"
"69","martin nance",76,213,4.55,33.5,112,6.91,4.08,11,81,1107,13.7,14,1,6,6,0,82,1113,13.6,14,"0"
"70","ben obomanu",73,205,4.45,38,116,7.17,4.21,12,33,357,10.8,5,7,147,21,2,40,504,12.6,7,"1"
"71","jonathan orr",74,198,4.44,35.5,119,7.31,4.16,13,40,688,17.2,8,0,0,0,0,40,688,17.2,8,"1"
"72","willie reid",70,188,4.34,37.5,117,7.06,4.26,11,50,634,12.7,1,1,5,5,0,51,639,12.5,1,"1"
"73","brad smith",74,213,4.46,39.5,128,7,4.33,12,1,3,3,0,229,1301,5.7,16,230,1304,5.7,16,"1"
"74","maurice stovall",76,217,4.57,35,122,6.81,4.14,12,69,1149,16.7,11,2,1,0.5,0,71,1150,16.2,11,"0"
"75","todd watkins",74,202,4.4,36,118,7.13,4.24,12,49,678,13.8,9,0,0,0,0,49,678,13.8,9,"0"
"76","brandon williams",69,179,4.48,34.5,115,6.87,4.07,13,59,1095,18.6,6,7,47,6.7,0,66,1142,17.3,6,"1"
"77","demetrius williams",74,197,4.52,38,127,6.84,4.08,12,59,1059,17.9,10,9,58,6.4,1,68,1117,16.4,11,"0"
"78","travis wilson",74,214,4.47,36.5,120,6.7,3.99,9,25,310,12.4,1,2,61,30.5,1,27,371,13.7,2,"1"
"79","aundrae allison",72,198,4.39,37,127,6.9195345353056,4.18608306688611,11,83,1024,12.3,7,7,65,9.3,0,90,1089,12.1,7,"0"
"80","dallas baker",75,208,4.53,36,129,6.69,4.19,14,60,920,15.3,10,0,0,0,0,60,920,15.3,10,"1"
"81","dwayne bowe",74,221,4.51,33,125,6.81,4.35,13,65,990,15.2,12,0,0,0,0,65,990,15.2,12,"1"
"82","steve breaston",72,193,4.46,33,124,6.9,4.29,11,26,291,11.2,2,10,101,10.1,0,36,392,10.9,2,"1"
"83","david clowney",72,188,4.36,32.5,123,7,4.15,12,34,424,12.5,0,1,-5,-5,0,35,419,12,0,"1"
"84","chris davis",70,181,4.5,35.5,115,6.66,4.14,13,49,684,14,4,5,28,5.6,1,54,712,13.2,5,"1"
"85","yamon figurs",71,174,4.3,36.6979764534552,123,6.85,4.21,12,28,418,14.9,3,3,71,23.7,2,31,489,15.8,5,"1"
"86","ted ginn",71,178,4.38,36.2886698025449,121.969415930675,6.86830171461587,4.16611070151123,13,59,781,13.2,9,3,17,5.7,0,62,798,12.9,9,"1"
"87","anthony gonzalez",72,193,4.44,38,123,6.54,4.08,12,28,373,13.3,3,1,8,8,0,29,381,13.1,3,"1"
"88","jason hill",72,204,4.32,37,123,7.02,4.22,10,41,600,14.6,7,2,-6,-3,0,43,594,13.8,7,"0"
"89","jonathan holland",72,191,4.45,35.5,120,7.12,4.4,13,33,503,15.2,3,1,-6,-6,0,34,497,14.6,3,"0"
"90","dwayne jarrett",76,219,4.62,34.2525778913091,121.065590219316,7.01734519803842,4.24066659245851,12,70,1015,14.5,12,1,-3,-3,0,71,1012,14.3,12,"0"
"91","calvin johnson",77,239,4.35,37.1487727067854,125.465927174504,7.012559852768,4.21871098322127,14,76,1202,15.8,15,7,30,4.3,0,83,1232,14.8,15,"1"
"92","james jones",73,207,4.54,34,119,7.06,4.2,13,70,893,12.8,10,11,76,6.9,1,81,969,12,11,"0"
"93","robert meachem",74,214,4.39,37.5,121,6.97,4.31,13,71,1298,18.3,11,4,3,0.8,0,75,1301,17.3,11,"1"
"94","chandler williams",71,184,4.42,32.5,123,6.99,4.29,10,67,664,9.9,1,3,-9,-3,0,70,655,9.4,1,"0"
"95","legedu naanee",74,225,4.41,40,119,6.96983959084038,4.2136285716658,13,35,541,15.5,6,7,90,12.9,0,42,631,15,6,"0"
"96","joel filani",74,211,4.57,32.5,117,6.99827443410608,4.21274142537889,13,91,1300,14.3,13,4,34,8.5,0,95,1334,14,13,"1"
"97","sidney rice",75,200,4.51,39.5,119,7.09,4.34,13,72,1090,15.1,10,1,6,6,0,73,1096,15,10,"1"
"98","ryne robinson",69,179,4.47,35,123,6.71,4.21,12,91,1178,12.9,8,3,11,3.7,0,94,1189,12.6,8,"0"
"99","steve smith",72,197,4.44,38,120,6.68,4.19,13,71,1083,15.3,9,0,0,0,0,71,1083,15.3,9,"0"
"100","syndric steptoe",69,194,4.59,33,116.601489833175,6.96909291067941,4.23482184866367,12,55,568,10.3,2,7,34,4.9,0,62,602,9.7,2,"0"
"101","chansi stuckey",71,197,4.56,35,120,6.91,4.14,10,50,700,14,3,8,34,4.3,0,58,734,12.7,3,"1"
"102","courtney taylor",74,204,4.5,36,122,7.22,4.28,13,54,704,13,2,8,70,8.8,0,62,774,12.5,2,"1"
"103","mike sims-walker",74,209,4.35,36.5,121,6.92,4.39,12,90,1178,13.1,7,0,0,0,0,90,1178,13.1,7,"0"
"104","paul williams",73,205,4.45,38.5,125,7.03,4.24,7,21,229,10.9,1,6,48,8,0,27,277,10.3,1,"0"
"105","danny amendola",70,183,4.58,27.5,103,6.81,4.25,13,109,1245,11.4,6,0,0,0,0,109,1245,11.4,6,"1"
"106","adrian arrington",75,203,4.55,34.7414549442847,121.19947289412,6.96470786488862,4.21031100479376,13,67,882,13.2,8,0,0,0,0,67,882,13.2,8,"1"
"107","donnie avery",71,192,4.43,35.9070808789785,121.774240150832,6.90646761444615,4.19433472727743,13,91,1456,16,7,0,0,0,0,91,1456,16,7,"0"
"108","earl bennett",71,209,4.48,26,110,7.15,4.22,12,75,830,11.1,5,10,22,2.2,0,85,852,10,5,"1"
"109","davone bess",70,194,4.64,31.5,118,6.97,4.27,13,108,1266,11.7,12,0,0,0,0,108,1266,11.7,12,"0"
"110","keenan burton",72,201,4.44,38.5,125,6.77,4.2,12,66,741,11.2,9,0,0,0,0,66,741,11.2,9,"1"
"111","andre caldwell",72,204,4.35,33,124,6.75,4.11,11,56,761,13.6,7,12,58,4.8,1,68,819,12,8,"1"
"112","early doucet",72,209,4.59,34.2369288971394,118.936885715607,6.99708999104478,4.219154909584,10,57,525,9.2,5,3,-3,-1,0,60,522,8.7,5,"1"
"113","harry douglas",71,176,4.51,31,120,6.57,4.12,10,71,1159,16.3,7,5,11,2.2,0,76,1170,15.4,7,"0"
"114","will franklin",72,214,4.37,34.5,121.024089835184,6.98413453567994,4.23778956818857,14,49,709,14.5,4,0,0,0,0,49,709,14.5,4,"1"
"115","james hardy",77,217,4.45,31.5,125,6.84,4.2,13,79,1125,14.2,16,0,0,0,0,79,1125,14.2,16,"1"
"116","justin harper",75,213,4.56,28.5,120,7.03,4.43,14,41,635,15.5,5,0,0,0,0,41,635,15.5,5,"1"
"117","lavelle hawkins",71,187,4.57,33.9189914447575,117,6.93163265036673,4.20701387102794,13,72,872,12.1,6,7,60,8.6,0,79,932,11.8,6,"0"
"118","marcus henry",76,207,4.55,31.5,126,7.08,4.3,13,54,1014,18.8,10,1,23,23,0,55,1037,18.9,10,"1"
"119","paul hubbard",75,221,4.49,29.5,126,7.0726740132281,4.32969857441738,8,14,305,21.8,0,0,0,0,0,14,305,21.8,0,"1"
"120","desean jackson",70,169,4.35,35.6119558669185,120,6.85603490800696,4.16635602478845,12,65,762,11.7,6,11,132,12,1,76,894,11.8,7,"0"
"121","darnell jenkins",69,187,4.52,26.5,115,7.33,4.37,3,13,183,14.1,0,1,-6,-6,0,14,177,12.6,0,"1"
"122","malcolm kelly",76,224,4.68,33.6839592564017,120.539394601783,7.04716777527174,4.26162724450146,14,49,821,16.8,9,0,0,0,0,49,821,16.8,9,"1"
"123","mario manningham",72,181,4.59,32,117,7.34,4.27,12,72,1174,16.3,12,19,119,6.3,0,91,1293,14.2,12,"1"
"124","marcus monk",76,222,4.56,34.5,119,7.08,4.3,7,16,144,9,3,0,0,0,0,16,144,9,3,"1"
"125","kenneth moore",71,195,4.47,28,120,7.09,4.3,13,98,1011,10.3,5,44,316,7.2,3,142,1327,9.3,8,"1"
"126","josh morgan",72,219,4.46,35.6554405330722,121.061443057903,6.99680669343965,4.23137976849331,14,46,552,12,5,4,11,2.8,0,50,563,11.3,5,"1"
"127","jordy nelson",75,217,4.51,31,123,7.03,4.35,12,122,1606,13.2,11,3,-7,-2.3,0,125,1599,12.8,11,"1"
"128","maurice purify",75,224,4.5,28.5,117,6.95,4.29,11,57,814,14.3,9,2,15,7.5,0,59,829,14.1,9,"1"
"129","darius reynaud",69,201,4.48,34.5,130,6.88,4.32,13,64,733,11.5,12,11,103,9.4,1,75,836,11.1,13,"0"
"130","kevin robinson",71,202,4.69,27.5,115,7.31,4.77,12,55,640,11.6,5,16,39,2.4,0,71,679,9.6,5,"0"
"131","eddie royal",70,184,4.39,36,124,7.07,4.34,13,33,496,15,4,8,112,14,0,41,608,14.8,4,"1"
"132","marcus smith",73,221,4.51,26.5,111,7.1,4.42,13,91,1125,12.4,4,10,31,3.1,1,101,1156,11.4,5,"0"
"133","taj smith",72,187,4.59,35,119,7.15,4.5,12,44,822,18.7,5,5,16,3.2,0,49,838,17.1,5,"0"
"134","limas sweed",76,215,4.48,35,123.475296984529,7.00881844879469,4.2463979911395,7,19,306,16.1,3,1,-1,-1,0,20,305,15.3,3,"1"
"135","devin thomas",74,216,4.41,28,126,7.15,4.26,13,79,1260,15.9,8,27,177,6.6,0,106,1437,13.6,8,"1"
"136","mario urrutia",77,232,4.59,30,115,7.07,4.44,10,35,501,14.3,3,0,0,0,0,35,501,14.3,3,"0"
"137","kenny britt",75,218,4.47,37,124,7.10074798727508,4.47,12,87,1371,15.8,7,7,75,10.7,1,94,1446,15.4,8,"0"
"138","deon butler",70,182,4.31,34.5,118,7.01,4.48,13,47,810,17.2,7,1,5,5,0,48,815,17,7,"1"
"139","austin collie",73,200,4.53,34,120,6.78,4.24,13,106,1538,14.5,15,10,77,7.7,0,116,1615,13.9,15,"0"
"140","quan cosby",69,196,4.5,33.5689957974402,118.408395371665,7.28,4.47,13,92,1123,12.2,10,0,0,0,0,92,1123,12.2,10,"1"
"141","michael crabtree",73,215,4.54,35.0966250860181,120.41613083255,6.97899131709912,4.18835896902603,13,97,1165,12,19,2,1,0.5,0,99,1166,11.8,19,"1"
"142","jarett dillard",70,191,4.5,42.5,129,7.1,4.41,13,87,1310,15.1,20,0,0,0,0,87,1310,15.1,20,"0"
"143","brooks foster",72,211,4.44,35.7265556173119,121.44795841677,6.98011124909819,4.22950189845281,13,30,334,11.1,2,8,104,13,0,38,438,11.5,2,"1"
"144","brandon gibson",72,210,4.59,34.245475387084,118.93032468453,6.99936390922958,4.24693078890436,13,57,673,11.8,2,10,19,1.9,0,67,692,10.3,2,"0"
"145","brian hartline",74,195,4.49,34.5,120,6.65,4.12,13,52,694,13.3,6,6,46,7.7,0,58,740,12.8,6,"1"
"146","percy harvin",71,192,4.39,36.3791311623613,122.035992539613,6.92265837060265,4.18604480057979,12,40,644,16.1,7,70,660,9.4,10,110,1304,11.9,17,"1"
"147","darrius heyward-bey",74,210,4.3,38.5,126,6.8,4.18,12,42,609,14.5,5,15,202,13.5,1,57,811,14.2,6,"1"
"148","juaquin iglesias",73,210,4.44,34.5,116,7.0530351883143,4.4,14,74,1150,15.5,10,1,7,7,0,75,1157,15.4,10,"1"
"149","manuel johnson",71,189,4.5,35.25210532296,121.053707564898,6.92386946691463,4.20568434601828,13,42,714,17,9,2,4,2,0,44,718,16.3,9,"1"
"150","jeremy maclin",72,198,4.43,35.9916517056647,121.15946162301,6.92037939910059,4.16668587668179,14,102,1260,12.4,13,40,293,7.3,2,142,1553,10.9,15,"1"
"151","mohamed massaquoi",73,210,4.51,36.5,127,6.96468562688538,4.21219691191047,13,58,920,15.9,8,0,0,0,0,58,920,15.9,8,"1"
"152","kenny mckinley",72,189,4.37,37,113,6.96,4.1,10,54,642,11.9,4,2,2,1,0,56,644,11.5,4,"1"
"153","marko mitchell",76,218,4.43,32,116,7.04,4.33,13,61,1141,18.7,10,4,45,11.3,0,65,1186,18.2,10,"0"
"154","louis murphy",74,203,4.32,37.0974831764037,124.891750034638,6.92726457588703,4.20836540018296,14,38,655,17.2,7,2,7,3.5,0,40,662,16.6,7,"1"
"155","hakeem nicks",73,212,4.51,36,122.525243025836,6.97146692519475,4.2114183048882,13,68,1222,18,12,5,34,6.8,1,73,1256,17.2,13,"1"
"156","brian robiskie",75,209,4.46,37.5,124.278211089185,6.72,4.19,13,42,535,12.7,8,0,0,0,0,42,535,12.7,8,"1"
"157","demetrius byrd",72,199,4.35,31.5,117,6.97026992201962,4.24413443102287,13,37,513,13.9,4,0,0,0,0,37,513,13.9,4,"1"
"158","sammie stroughter",69,189,4.45,30,110,7.03,4.28,3,15,262,17.5,2,1,4,4,0,16,266,16.6,2,"0"
"159","brandon tate",72,183,4.52,35.0554634927252,122.546299648732,6.92986238307305,4.22472043784653,6,16,376,23.5,3,11,143,13,1,27,519,19.2,4,"1"
"160","mike thomas",68,195,4.3,40.5,126,6.65,4.28,13,74,825,11.1,4,24,114,4.8,1,98,939,9.6,5,"0"
"161","patrick turner",77,223,4.59,34.5523722079499,122.036802644382,7.02780557650741,4.25659229557741,13,49,741,15.1,10,0,0,0,0,49,741,15.1,10,"0"
"162","tiquan underwood",73,184,4.31,41.5,129,6.62,4.11,13,40,494,12.4,5,0,0,0,0,40,494,12.4,5,"0"
"163","mike wallace",72,199,4.33,40,129,6.9,4.27,13,39,784,20.1,7,10,92,9.2,0,49,876,17.9,7,"1"
"164","derrick williams",71,194,4.47,33,117.725181199382,6.96299609233787,4.22060103233526,13,44,485,11,4,43,243,5.7,3,87,728,8.4,7,"1"
"165","seyi ajirotutu",75,204,4.6,36,115,7.22,4.39,13,49,677,13.8,7,0,0,0,0,49,677,13.8,7,"0"
"166","danario alexander",77,215,4.62,34.2933852108836,121.404881509649,6.99274368948609,4.20625977218017,13,113,1781,15.8,14,1,10,10,0,114,1791,15.7,14,"1"
"167","brandon banks",67,149,4.37,31,113,6.88,4.29,12,56,705,12.6,1,11,110,10,0,67,815,12.2,1,"1"
"168","arrelious benn",73,219,4.57,37,118,6.99824231138267,4.21904476019712,12,38,490,12.9,2,7,23,3.3,1,45,513,11.4,3,"1"
"169","dezmon briscoe",74,207,4.66,33,115,7.1,4.57,11,84,1337,15.9,9,2,19,9.5,1,86,1356,15.8,10,"1"
"170","antonio brown",70,186,4.56,33.5,105,6.98,4.18,14,110,1198,10.9,9,42,341,8.1,3,152,1539,10.1,12,"0"
"171","dez bryant",74,225,4.52,35.2358494484383,123.808480059732,7.04121976482619,4.25712149938875,3,17,323,19,4,0,0,0,0,17,323,19,4,"1"
"172","riley cooper",75,222,4.53,33,114,7.02523182763074,4.25515081865536,14,51,961,18.8,9,1,14,14,0,52,975,18.8,9,"1"
"173","eric decker",75,217,4.54,34.9193948690048,122.412834986862,7.01053850812718,4.23419012012361,8,50,758,15.2,5,0,0,0,0,50,758,15.2,5,"1"
"174","marcus easley",75,210,4.39,34,123,6.94,4.6,11,4,94,23.5,0,0,0,0,0,4,94,23.5,0,"0"
"175","jacoby ford",69,186,4.28,33.5,115,7,4.44,14,56,779,13.9,6,18,122,6.8,2,74,901,12.2,8,"1"
"176","david gettis",75,217,4.43,34.5,124,6.94,4.41,12,52,675,13,3,0,0,0,0,52,675,13,3,"1"
"177","trindon holliday",65,166,4.34,42,116,6.54,4.48,13,3,36,12,0,27,126,4.7,1,30,162,5.4,1,"1"
"178","brandon lafell",74,211,4.58,36,115,6.81,4.23,13,57,792,13.9,11,5,13,2.6,0,62,805,13,11,"1"
"179","dexter mccluster",69,172,4.53,37.5,118,6.86387079687675,4.06,13,44,520,11.8,3,181,1169,6.5,8,225,1689,7.5,11,"1"
"180","kerry meier",74,224,4.62,35,115,7.03442889914012,4.23,12,102,985,9.7,8,2,-2,-1,0,104,983,9.5,8,"1"
"181","carlton mitchell",75,215,4.46,36,122,6.96,4.55,11,40,706,17.7,4,0,0,0,0,40,706,17.7,4,"0"
"182","preston parker",71,199,4.59,35,117,6.95528933517524,4.16,10,40,372,9.3,2,10,87,8.7,0,50,459,9.2,2,"1"
"183","taylor price",72,204,4.4,37,114,6.82,4.34,14,56,784,14,5,11,103,9.4,0,67,887,13.2,5,"0"
"184","david reed",72,191,4.56,37,114,6.95,4.38,13,81,1188,14.7,5,4,4,1,0,85,1192,14,5,"0"
"185","emmanuel sanders",71,186,4.4,39.5,126,6.64,4.1,13,98,1339,13.7,7,1,6,6,0,99,1345,13.6,7,"0"
"186","jordan shipley",71,193,4.6,36.5,116,6.91421195408942,4.14230978567389,14,116,1485,12.8,13,1,0,0,0,117,1485,12.7,13,"1"
"187","golden tate",70,199,4.42,35,120,7.12,4.34,12,93,1496,16.1,15,25,186,7.4,2,118,1682,14.3,17,"0"
"188","demaryius thomas",75,224,4.52,35.44076462415,124.058955090925,7.01623001944686,4.2631932959919,14,46,1154,25.1,8,1,3,3,0,47,1157,24.6,8,"1"
"189","verran tucker",74,200,4.65,33.6515127385582,119.885838927285,6.99071669242726,4.26293165600277,13,29,453,15.6,1,0,0,0,0,29,453,15.6,1,"0"
"190","chastin west",72,212,4.59,33.5,113,7.0094815859249,4.26958199303429,13,30,472,15.7,2,1,-1,-1,0,31,471,15.2,2,"0"
"191","blair white",74,209,4.49,33.5,115,6.69,4.03,13,70,990,14.1,9,0,0,0,0,70,990,14.1,9,"1"
"192","kyle williams",70,188,4.4,33,118,7,4.19,13,45,482,10.7,2,13,46,3.5,0,58,528,9.1,2,"1"
"193","stephen williams",76,210,4.5,36.5,125,6.81,4.11,12,79,1065,13.5,5,0,0,0,0,79,1065,13.5,5,"0"
"194","darvin adams",74,190,4.56,34.6585874136735,121.574105095507,6.93523321834863,4.21669681588372,14,52,963,18.5,7,0,0,0,0,52,963,18.5,7,"1"
"195","armon binns",75,209,4.5,31.5,118,6.86,4.31,12,75,1101,14.7,10,0,0,0,0,75,1101,14.7,10,"0"
"196","vincent brown",71,187,4.68,33.5,121,6.64,4.25,13,69,1352,19.6,10,1,-13,-13,0,70,1339,19.1,10,"0"
"197","randall cobb",70,191,4.46,33.5,115,7.08,4.34,13,84,1017,12.1,7,55,424,7.7,5,139,1441,10.4,12,"1"
"198","tandon doss",74,201,4.62,33.9768969508992,119.300292082332,6.98104037462333,4.21229438673124,11,63,706,11.2,7,28,163,5.8,1,91,869,9.5,8,"1"
"199","a j  green",76,211,4.48,34.5,126,6.91,4.21,9,57,848,14.9,9,3,44,14.7,0,60,892,14.9,9,"1"
"200","tori gurley",76,216,4.53,33.5,118,7.05,4.25,14,44,465,10.6,4,1,5,5,0,45,470,10.4,4,"1"
"201","leonard hankerson",73,209,4.4,36,117,6.94,4.21,13,72,1156,16.1,13,0,0,0,0,72,1156,16.1,13,"1"
"202","dwayne harris",70,203,4.53,34,111,6.77,4.21,13,101,1123,11.1,10,16,104,6.5,0,117,1227,10.5,10,"0"
"203","jerrel jernigan",69,185,4.46,37.5,124,7.07,4.25,13,84,822,9.8,6,45,322,7.2,3,129,1144,8.9,9,"0"
"204","ronald johnson",71,199,4.46,35.5562408978017,120.426723819873,6.93888034812807,4.20517858877462,13,64,692,10.8,8,5,25,5,0,69,717,10.4,8,"0"
"205","julio jones",75,220,4.34,38.5,135,6.66,4.25,13,78,1133,14.5,7,8,135,16.9,2,86,1268,14.7,9,"1"
"206","jeremy kerley",69,189,4.56,34.5,120,6.93355600031665,4.19595961207786,13,56,575,10.3,10,18,97,5.4,2,74,672,9.1,12,"0"
"207","greg little",74,231,4.51,40.5,129,6.8,4.21,13,62,724,11.7,5,29,166,5.7,1,91,890,9.8,6,"1"
"208","denarius moore",72,194,4.43,36,118,6.78,4.15,13,47,981,20.9,9,7,82,11.7,1,54,1063,19.7,10,"1"
"209","jamar newsome",72,200,4.46,38.5,129,6.83,4.22,14,37,616,16.6,3,3,15,5,1,40,631,15.8,4,"0"
"210","niles paul",73,224,4.45,34.5,117,6.9,4.14,12,39,516,13.2,1,5,14,2.8,0,44,530,12,1,"1"
"211","austin pettis",75,209,4.56,33.5,120,6.68,3.88,13,71,951,13.4,10,0,0,0,0,71,951,13.4,10,"0"
"212","kealoha pilares",70,199,4.42,36.1740661892904,121.486576868832,6.91829124801513,4.18597369752571,13,88,1306,14.8,15,0,0,0,0,88,1306,14.8,15,"0"
"213","aldrick robinson",70,184,4.35,40,126,6.65,4.09,14,65,1301,20,14,0,0,0,0,65,1301,20,14,"0"
"214","greg salas",73,210,4.53,37,120,6.65,4.1,14,119,1889,15.9,14,0,0,0,0,119,1889,15.9,14,"0"
"215","demarco sampson",74,204,4.41,36.1500443712471,122.976962963841,6.94309103283041,4.21026900976003,12,62,851,13.7,8,4,-2,-0.5,0,66,849,12.9,8,"0"
"216","dane sanzenbacher",71,182,4.56,33.5,118,6.46,3.97,13,55,948,17.2,11,4,14,3.5,1,59,962,16.3,12,"1"
"217","torrey smith",73,204,4.41,41,126,6.72,4.13,13,67,1055,15.7,12,9,7,0.8,0,76,1062,14,12,"1"
"218","ryan whalen",73,202,4.53,38.5,123,6.67,4.09,11,41,439,10.7,2,0,0,0,0,41,439,10.7,2,"0"
"219","titus young",71,174,4.43,36.1981907621489,123,6.86664805342726,4.17995798544138,13,71,1215,17.1,9,14,94,6.7,1,85,1309,15.4,10,"0"
"220","joe adams",71,179,4.51,36,123,7.09,4.23569833381698,13,54,652,12.1,3,10,139,13.9,1,64,791,12.4,4,"1"
"221","travis benjamin",70,172,4.31,38,119,6.84844884624549,4.1535659393477,11,41,609,14.9,3,8,19,2.4,0,49,628,12.8,3,"1"
"222","justin blackmon",73,207,4.46,35.8326015588932,121.46131702338,6.93681877364902,4.16308555425012,13,122,1522,12.5,18,4,7,1.8,0,126,1529,12.1,18,"1"
"223","jarrett boykin",74,217,4.62,36,123,7.12,4.28,13,61,761,12.5,5,0,0,0,0,61,761,12.5,5,"1"
"224","lavon brazill",71,192,4.43,32.5,118.200884522096,6.97288218869133,4.23320758730742,3,12,78,6.5,0,3,5,1.7,0,15,83,5.5,0,"0"
"225","ryan broyles",70,192,4.57,34.5251736868036,119.399811830564,6.93797079534273,4.18622144978956,9,83,1157,13.9,10,1,3,3,0,84,1160,13.8,10,"1"
"226","greg childs",75,219,4.52,36.5,125,7.00342436415202,4.23667048791497,11,21,240,11.4,0,0,0,0,0,21,240,11.4,0,"1"
"227","danny coale",72,201,4.42,35,115,6.69,4.15,14,60,904,15.1,3,4,26,6.5,0,64,930,14.5,3,"1"
"228","josh cooper",71,190,4.65,33.5015627820467,117.435361572246,6.95430565590135,4.20672686887376,12,71,715,10.1,3,2,3,1.5,0,73,718,9.8,3,"1"
"229","juron criner",74,224,4.66,38,117,7.15,4.3,11,75,956,12.7,11,1,0,0,0,76,956,12.6,11,"1"
"230","b j  cunningham",73,211,4.52,31.5,116,7.1,4.26274191928276,14,79,1306,16.5,12,3,26,8.7,0,82,1332,16.2,12,"1"
"231","patrick edwards",69,172,4.57,34.7135392922228,119.57495346725,6.87104181066172,4.1743207757068,14,89,1752,19.7,20,2,6,3,0,91,1758,19.3,20,"0"
"232","michael floyd",75,220,4.4,36.5,122,6.97144693104428,4.1980108138679,13,100,1147,11.5,9,2,13,6.5,1,102,1160,11.4,10,"0"
"233","chris givens",71,198,4.35,33.5,118,6.97,4.23,13,83,1330,16,9,14,77,5.5,0,97,1407,14.5,9,"1"
"234","t j  graham",71,188,4.34,33.5,120,6.77,4.18,13,46,757,16.5,7,2,-5,-2.5,0,48,752,15.7,7,"1"
"235","junior hemingway",73,225,4.48,35.5,124,6.59,3.98,13,34,699,20.6,4,0,0,0,0,34,699,20.6,4,"1"
"236","stephen hill",76,215,4.36,39.5,133,6.88,4.48,13,28,820,29.3,5,4,29,7.3,0,32,849,26.5,5,"1"
"237","t y  hilton",69,183,4.34,36.7149115688311,121.755341965534,6.87358671316543,4.17888154929547,13,72,1038,14.4,7,19,124,6.5,1,91,1162,12.8,8,"0"
"238","jerrell jackson",72,196,4.5,41,127,6.82,4.11,11,17,222,13.1,1,2,8,4,0,19,230,12.1,1,"1"
"239","alshon jeffery",75,216,4.48,35.5741419458299,122.882294415091,6.98955517354031,4.2291852568466,13,49,762,15.6,8,0,0,0,0,49,762,15.6,8,"1"
"240","a j  jenkins",72,190,4.37,38.5,124,6.87910167608701,4.1475526590272,13,90,1276,14.2,8,5,26,5.2,0,95,1302,13.7,8,"1"
"241","marvin jones",74,199,4.46,33,112,6.81,4.11,13,62,846,13.6,3,5,22,4.4,0,67,868,13,3,"1"
"242","jermaine kearse",73,209,4.5,34,119,7.03,4.12,13,47,699,14.9,7,2,13,6.5,1,49,712,14.5,8,"1"
"243","keshawn martin",71,188,4.42,39.5,122,6.85,4.13,14,66,777,11.8,4,19,113,5.9,2,85,890,10.5,6,"1"
"244","rishard matthews",72,217,4.54,36,121.434805435583,6.88,4.19,12,91,1364,15,8,5,-1,-0.2,0,96,1363,14.2,8,"0"
"245","marvin mcnutt",75,216,4.48,37,122,7.15,4.07,13,82,1315,16,12,6,58,9.7,0,88,1373,15.6,12,"1"
"246","derek moye",76,209,4.46,33.5,115,6.99169397508713,4.23,11,40,654,16.4,3,2,8,4,0,42,662,15.8,3,"1"
"247","chris owusu",72,196,4.36,40.5,129,6.85,4.11,10,35,376,10.7,2,2,78,39,0,37,454,12.3,2,"1"
"248","eric page",69,186,4.5,30,112,6.95,3.98,13,125,1182,9.5,10,3,10,3.3,0,128,1192,9.3,10,"0"
"249","devier posey",74,211,4.39,36.5,123,7.03,4.15,4,12,162,13.5,2,1,-6,-6,0,13,156,12,2,"1"
"250","rueben randle",75,210,4.55,31,121,6.99,4.36,14,53,917,17.3,8,0,0,0,0,53,917,17.3,8,"1"
"251","mohamed sanu",73,211,4.62,36,126,6.88,4.22,13,115,1206,10.5,7,4,-2,-0.5,0,119,1204,10.1,7,"0"
"252","tommy streeter",77,219,4.37,33,125,7.08,4.27668848829957,12,46,811,17.6,8,0,0,0,0,46,811,17.6,8,"1"
"253","nick toon",74,215,4.49,37.5,123.960672724741,6.96504275728817,4.2009492346324,13,64,926,14.5,10,0,0,0,0,64,926,14.5,10,"1"
"254","jordan white",72,208,4.63,35,119,6.84,4.13,12,94,1378,14.7,10,3,29,9.7,0,97,1407,14.5,10,"0"
"255","jarius wright",70,182,4.39,38,120,6.93,4.03,12,66,1117,16.9,12,0,0,0,0,66,1117,16.9,12,"1"
"256","kendall wright",70,196,4.49,38.5,121,6.93,4.18,13,108,1663,15.4,14,10,72,7.2,0,118,1735,14.7,14,"1"
"257","devon wylie",69,187,4.36,39,123,6.91132734304023,4.18996338501498,1,2,39,19.5,1,1,4,4,0,3,43,14.3,1,"0"
"258","keenan allen",74,206,4.58,34.4078771818416,120.606704156502,6.98584048573403,4.21407583075696,9,61,737,12.1,6,3,39,13,1,64,776,12.1,7,"1"
"259","tavon austin",68,174,4.34,32,120,6.81653579162719,4.01,13,114,1289,11.3,12,72,643,8.9,3,186,1932,10.4,15,"1"
"260","stedman bailey",70,193,4.52,34.5,117,6.81,4.09,13,72,1279,17.8,12,0,0,0,0,72,1279,17.8,12,"0"
"261","josh boyce",71,206,4.38,34,131,6.68,4.1,13,66,891,13.5,7,3,6,2,1,69,897,13,8,"1"
"262","marlon brown",76,213,4.63,34.0300715018546,121.980940841476,7.02381604946863,4.25526767457525,8,27,469,17.4,4,0,0,0,0,27,469,17.4,4,"1"
"263","aaron dobson",75,210,4.37,36.4522256755367,123.935367173402,6.95768380034045,4.21704784292706,10,57,679,11.9,3,0,0,0,0,57,679,11.9,3,"0"
"264","corey fuller",74,204,4.43,31.5,120,6.98821606194322,4.26215137494144,13,43,815,19,6,1,10,10,0,44,825,18.8,6,"1"
"265","marquise goodwin",69,183,4.27,39.574709914638,132,6.85865758794858,4.16466485428785,13,26,340,13.1,3,13,140,10.8,3,39,480,12.3,6,"1"
"266","cobi hamilton",74,212,4.56,29.5,107,7.06274431997676,4.31,12,90,1335,14.8,5,0,0,0,0,90,1335,14.8,5,"1"
"267","chris harper",73,229,4.55,35.5,116,6.89,4.39,13,58,857,14.8,3,0,-7,0,0,58,850,14.7,3,"1"
"268","deandre hopkins",73,214,4.57,36,115,7.12685300716654,4.5,13,82,1405,17.1,18,0,0,0,0,82,1405,17.1,18,"1"
"269","justin hunter",76,196,4.44,39.5,136,6.97580051182175,4.33,12,73,1083,14.8,9,0,0,0,0,73,1083,14.8,9,"1"
"270","darius johnson",69,179,4.6,32,109,7.08331049964241,4.53,11,64,787,12.3,5,0,0,0,0,64,787,12.3,5,"0"
"271","tavarres king",72,189,4.47,36.5,123,6.91,4.33,14,42,950,22.6,9,1,0,0,0,43,950,22.1,9,"1"
"272","cordarrelle patterson",74,216,4.42,37,128,6.97665275592142,4.22246907960774,12,46,778,16.9,5,25,308,12.3,3,71,1086,15.3,8,"1"
"273","quinton patton",72,204,4.53,33,118,6.91,4.01,12,104,1392,13.4,13,1,-5,-5,0,105,1387,13.2,13,"0"
"274","denard robinson",70,199,4.43,36.5,123,7.09,4.22,11,3,31,10.3,0,177,1266,7.2,7,180,1297,7.2,7,"1"
"275","ace sanders",67,173,4.58,32,117,6.81,4.37,13,45,531,11.8,9,3,1,0.3,0,48,532,11.1,9,"1"
"276","rodney smith",76,225,4.51,34.5,120,7.03,4.07,14,38,524,13.8,3,0,0,0,0,38,524,13.8,3,"1"
"277","kenny stills",72,194,4.38,33.5,124,6.99514828849283,4.35,13,82,959,11.7,11,2,22,11,0,84,981,11.7,11,"1"
"278","ryan swope",72,205,4.34,37,125,6.76,4.25,13,72,913,12.7,8,1,-2,-2,0,73,911,12.5,8,"1"
"279","kenbrell thompkins",73,193,4.54,33.5,121,6.88,4.21,13,34,541,15.9,2,0,0,0,0,34,541,15.9,2,"0"
"280","markus wheaton",71,189,4.45,37,120,6.8,4.02,13,91,1244,13.7,11,20,142,7.1,2,111,1386,12.5,13,"1"
"281","terrance williams",74,208,4.52,32.5,119,7.01,4.32,13,97,1832,18.9,12,2,14,7,0,99,1846,18.6,12,"1"
"282","marquess wilson",75,194,4.51,34.5,122,6.65,4.33,9,52,813,15.6,5,0,0,0,0,52,813,15.6,5,"1"
"283","robert woods",72,201,4.51,33.5,117,7.15,4.47,13,76,846,11.1,11,1,76,76,0,77,922,12,11,"1"
"284","jared abbrederis",73,195,4.5,30.5,117,6.8,4.08,13,78,1081,13.9,7,6,119,19.8,2,84,1200,14.3,9,"1"
"285","davante adams",73,212,4.56,39.5,123,6.82,4.3,13,131,1719,13.1,24,0,0,0,0,131,1719,13.1,24,"0"
"286","dri archer",68,173,4.26,38,122,6.86,4.06,10,25,327,13.1,4,68,527,7.8,6,93,854,9.2,10,"0"
"287","kelvin benjamin",77,240,4.61,32.5,119,7.33,4.39,14,54,1011,18.7,15,0,0,0,0,54,1011,18.7,15,"1"
"288","corey brown",71,178,4.51,33,116,7.16,4.22,12,60,669,11.2,3,11,96,8.7,1,71,765,10.8,4,"1"
"289","martavis bryant",76,211,4.42,39,124,7.18,4.15,13,42,828,19.7,7,0,0,0,0,42,828,19.7,7,"1"
"290","isaiah burse",70,188,4.58,31,115,6.74,3.94,13,100,1026,10.3,6,9,81,9,2,109,1107,10.2,8,"0"
"291","trey burton",74,224,4.62,30,112,7.14,4.32,12,38,445,11.7,1,12,56,4.7,0,50,501,10,1,"1"
"292","michael campanaro",69,192,4.46,39,122,6.77,4.01,8,67,803,12,6,4,10,2.5,0,71,813,11.5,6,"1"
"293","brandon coleman",78,225,4.56,32.5,121.228274507598,7.33,4.51,12,34,538,15.8,4,0,0,0,0,34,538,15.8,4,"0"
"294","brandin cooks",70,189,4.33,36,120,6.76,3.81,13,128,1730,13.5,16,32,217,6.8,2,160,1947,12.2,18,"1"
"295","bruce ellington",69,197,4.45,39.5,120,6.69,3.95,12,49,775,15.8,8,3,14,4.7,0,52,789,15.2,8,"1"
"296","quincy enunwa",74,225,4.41,36.3842814057944,123.431150720549,6.99783731531579,4.22090204217984,12,51,753,14.8,12,3,-1,-0.3,0,54,752,13.9,12,"1"
"297","mike evans",77,231,4.53,37,125.473629560617,7.08,4.26,13,69,1394,20.2,12,0,0,0,0,69,1394,20.2,12,"1"
"298","shaquelle evans",73,213,4.51,34.5,122,7.07,4.21,13,47,709,15.1,9,0,0,0,0,47,709,15.1,9,"1"
"299","bennie fowler",73,217,4.52,36,126,7.06,4.18,12,36,622,17.3,6,5,20,4,0,41,642,15.7,6,"1"
"300","jeremy gallon",67,185,4.49,35.2899580880829,119.137317155782,6.89939205544375,4.17731620377803,13,89,1373,15.4,9,3,4,1.3,0,92,1377,15,9,"1"
"301","ryan grant",72,199,4.64,35.5,119,6.68,4.11,13,77,1039,13.5,9,0,0,0,0,77,1039,13.5,9,"0"
"302","robert herron",69,193,4.48,35.5,125,6.84,4.27,12,72,932,12.9,9,2,12,6,0,74,944,12.8,9,"0"
"303","josh huff",71,206,4.51,35.5,116,6.96114134114589,4.20118491860861,13,62,1140,18.4,12,6,28,4.7,0,68,1168,17.2,12,"1"
"304","allen hurns",73,198,4.55,31,120,7.23,4.5,13,62,1162,18.7,6,1,13,13,0,63,1175,18.7,6,"1"
"305","t j  jones",72,188,4.46,33,119,6.82,4.27,13,70,1108,15.8,9,9,67,7.4,2,79,1175,14.9,11,"0"
"306","jarvis landry",71,205,4.65,28.5,110,7.02727812311131,4.25324205924403,13,77,1193,15.5,10,0,0,0,0,77,1193,15.5,10,"1"
"307","marqise lee",72,192,4.52,38,127,6.83405930150892,4.01,11,57,791,13.9,4,6,7,1.2,0,63,798,12.7,4,"1"
"308","jordan matthews",75,212,4.46,35.5,120,6.95,4.18,13,112,1477,13.2,7,6,54,9,0,118,1531,13,7,"1"
"309","donte moncrief",74,221,4.4,39.5,132,7.02,4.3,13,59,938,15.9,6,0,0,0,0,59,938,15.9,6,"1"
"310","tevin reese",70,163,4.46,41,132,6.63,4.18,8,38,867,22.8,8,0,0,0,0,38,867,22.8,8,"1"
"311","paul richardson",72,175,4.4,38,124,7.09,4.20469062498792,12,83,1343,16.2,10,1,7,7,0,84,1350,16.1,10,"1"
"312","allen robinson",75,220,4.6,39,127,7,4,12,97,1432,14.8,6,6,36,6,0,103,1468,14.3,6,"1"
"313","jalen saunders",69,165,4.44,34,122,6.86509732526369,4.1671677185526,13,61,729,12,8,5,44,8.8,0,66,773,11.7,8,"1"
"314","devin street",75,198,4.55,37,124,6.89,4.01,10,51,854,16.7,7,3,6,2,0,54,860,15.9,7,"1"
"315","sammy watkins",73,211,4.43,34,126,6.95,4.34,13,101,1464,14.5,12,6,11,1.8,0,107,1475,13.8,12,"1"
"316","albert wilson",69,202,4.43,37.5,123,7,4.21,12,71,1177,16.6,8,24,251,10.5,1,95,1428,15,9,"0"
"317","nelson agholor",72,198,4.42,36.0623128526135,121.608660517534,6.91453744039523,4.16708854236662,13,104,1313,12.6,12,4,3,0.8,0,108,1316,12.2,12,"1"
"318","mario alford",68,180,4.43,34,121,6.64,4.07,13,65,945,14.5,11,2,14,7,0,67,959,14.3,11,"1"
"319","kenny bell",73,197,4.42,41.5,129,6.66,4.15,13,47,788,16.8,6,0,0,0,0,47,788,16.8,6,"1"
"320","da'ron brown",72,205,4.54,37,120,7.04,4.11,14,68,1065,15.7,6,10,108,10.8,1,78,1173,15,7,"0"
"321","kaelin clay",70,195,4.51,33,113,6.97,4.26,13,43,523,12.2,4,4,4,1,0,47,527,11.2,4,"1"
"322","sammie coates",73,212,4.43,41,131,6.98,4.06,12,34,741,21.8,4,0,0,0,0,34,741,21.8,4,"1"
"323","chris conley",74,213,4.35,45,139,7.06,4.3,13,36,657,18.3,8,0,0,0,0,36,657,18.3,8,"1"
"324","jamison crowder",68,185,4.56,37,115,7.17,4.32,13,85,1044,12.3,6,2,9,4.5,0,87,1053,12.1,6,"1"
"325","geremy davis",74,216,4.49,36.5,124,6.86,4.18,10,44,521,11.8,3,0,0,0,0,44,521,11.8,3,"0"
"326","stefon diggs",72,195,4.46,35,115,7.03,4.32,10,62,792,12.8,5,5,28,5.6,0,67,820,12.2,5,"1"
"327","phillip dorsett",70,185,4.33,37,122,6.7,4.11,12,36,871,24.2,10,2,-6,-3,0,38,865,22.8,10,"1"
"328","devin funchess",76,232,4.7,38.5,122,7.02642433429586,4.2091178022068,11,62,733,11.8,4,2,-11,-5.5,0,64,722,11.3,4,"1"
"329","dorial green-beckham",77,237,4.49,33.5,119,6.89,4.45,14,59,883,15,12,1,3,3,0,60,886,14.8,12,"1"
"330","rashad greene",71,182,4.53,36.5,122,6.88,4.12,14,99,1365,13.8,7,1,-2,-2,0,100,1363,13.6,7,"1"
"331","rannell hall",72,198,4.6,41,132,6.86,4.15,10,49,500,10.2,0,25,129,5.2,1,74,629,8.5,1,"0"
"332","justin hardy",70,192,4.56,36.5,114,6.63,4.21,13,121,1494,12.3,10,1,7,7,1,122,1501,12.3,11,"0"
"333","tony lippett",74,192,4.61,36,114,6.92,4.13,13,65,1198,18.4,11,2,51,25.5,1,67,1249,18.6,12,"1"
"334","tyler lockett",70,182,4.4,35.5,121,6.89,4.07,13,106,1515,14.3,11,3,17,5.7,0,109,1532,14.1,11,"1"
"335","vince mayle",74,224,4.67,35.5,117,6.93,4.13,11,42,539,12.8,7,0,0,0,0,42,539,12.8,7,"1"
"336","ty montgomery",72,221,4.55,40.5,121,6.97,4.21,11,61,604,9.9,3,23,144,6.3,1,84,748,8.9,4,"1"
"337","keith mumphery",72,215,4.54,32.5,121,7.07,4.25,12,26,495,19,3,6,85,14.2,1,32,580,18.1,4,"1"
"338","breshad perriman",74,212,NA,NA,NA,NA,NA,13,50,1044,20.9,9,1,0,0,0,51,1044,20.5,9,"0"
"339","deandre smelter",74,226,4.52,35.3369320917691,123.504561769529,7.03018989179006,4.25601910852865,10,35,715,20.4,7,3,103,34.3,1,38,818,21.5,8,"1"
"340","devin smith",72,196,4.42,39,122,6.8764923444354,4.15,14,33,931,28.2,12,0,0,0,0,33,931,28.2,12,"1"
"341","jaelen strong",74,217,4.44,42,123,6.92675708498376,4.14017147904776,12,82,1165,14.2,10,0,0,0,0,82,1165,14.2,10,"1"
"342","darren waller",78,238,4.46,37,125,7.07,4.25,10,26,442,17,6,0,0,0,0,26,442,17,6,"1"
"343","kevin white",75,215,4.35,36.5,123,6.92,4.14,13,109,1447,13.3,10,0,0,0,0,109,1447,13.3,10,"1"
"344","bralon addison",69,197,4.66,34.5,116,6.95,4.14,13,63,804,12.8,10,17,84,4.9,2,80,888,11.1,12,"1"
"345","geronimo allison",75,196,4.67,33,127,7.4,4.28,12,65,882,13.6,3,0,0,0,0,65,882,13.6,3,"1"
"346","demarcus ayers",69,182,4.72,33,123,6.93546493337094,4.21572619809493,14,97,1221,12.6,6,26,148,5.7,1,123,1369,11.1,7,"0"
"347","tyler boyd",73,197,4.58,34,119,6.9,4.35,12,91,926,10.2,6,40,349,8.7,0,131,1275,9.7,6,"1"
"348","aaron burbridge",72,206,4.56,30.5,115,7.22,4.31,14,85,1258,14.8,7,9,44,4.9,0,94,1302,13.9,7,"1"
"349","leonte carroo",72,211,4.5,35.5,120,6.98847628486986,4.2181643925542,8,39,809,20.7,10,0,0,0,0,39,809,20.7,10,"1"
"350","corey coleman",71,194,4.42,40.5,129,6.87891283342929,4.12940152203621,12,74,1363,18.4,20,22,111,5,0,96,1474,15.4,20,"1"
"351","pharoh cooper",71,203,4.52,31,115,6.99774819158749,4.235866639635,12,66,973,14.7,8,24,111,4.6,1,90,1084,12,9,"1"
"352","cody core",75,205,4.47,31.5,119,6.99855207532204,4.26347796510885,12,37,644,17.4,4,1,1,1,0,38,645,17,4,"1"
"353","trevor davis",73,188,4.42,38.5,124,6.6,4.22,13,40,672,16.8,2,3,4,1.3,0,43,676,15.7,2,"1"
"354","josh doctson",74,202,4.5,41,131,6.84,4.08,10,78,1326,17,14,2,7,3.5,0,80,1333,16.7,14,"1"
"355","will fuller",72,186,4.32,33.5,126,6.93,4.27,13,62,1258,20.3,14,0,0,0,0,62,1258,20.3,14,"0"
"356","rashard higgins",73,196,4.64,32,116,6.97721732000839,4.23313019505448,12,74,1061,14.3,8,2,21,10.5,0,76,1082,14.2,8,"0"
"357","johnny holton",73,190,4.54,31.5,123,6.98013017785289,4.28870685399637,7,17,461,27.1,5,0,0,0,0,17,461,27.1,5,"0"
"358","kenny lawler",74,203,4.64,31,111,7.13,4.2,12,52,658,12.7,13,2,15,7.5,0,54,673,12.5,13,"1"
"359","roger lewis",72,201,4.57,33.5,116,6.96077585289318,4.21438627356364,14,85,1544,18.2,16,0,0,0,0,85,1544,18.2,16,"0"
"360","kolby listenbee",72,197,4.39,35.5,129,6.94270935501933,4.22841551312796,10,30,597,19.9,5,1,11,11,0,31,608,19.6,5,"1"
"361","ricardo louis",74,215,4.43,38,132,6.96577178364437,4.22554969920455,13,46,716,15.6,3,29,158,5.4,1,75,874,11.7,4,"1"
"362","byron marshall",69,201,4.42,35.9125487813206,121.959274312083,6.96280400040816,4.21732334405751,4,9,121,13.4,2,0,0,0,0,9,121,13.4,2,"1"
"363","jalin marshall",70,200,4.6,37.5,125,6.8,4.13,12,36,477,13.3,5,2,30,15,0,38,507,13.3,5,"1"
"364","malcolm mitchell",72,198,4.45,36,129,6.94,4.34,13,58,865,14.9,5,0,0,0,0,58,865,14.9,5,"1"
"365","chris moore",73,206,4.53,37,130,6.76,4.2,11,40,870,21.8,7,2,10,5,0,42,880,21,7,"0"
"366","jordan payton",73,207,4.47,34.5,121,7.08,4.33,13,78,1105,14.2,5,0,0,0,0,78,1105,14.2,5,"1"
"367","charone peake",74,209,4.45,35.5,122,6.96,4.46,14,50,716,14.3,5,0,0,0,0,50,716,14.3,5,"1"
"368","demarcus robinson",73,203,4.59,34.5,123,6.77,4.19,12,47,520,11.1,2,2,3,1.5,0,49,523,10.7,2,"1"
"369","alonzo russell",76,206,4.54,29.5,112,7.18,4.33,12,36,618,17.2,5,0,0,0,0,36,618,17.2,5,"0"
"370","rashawn scott",73,199,4.54,32.5,116,6.97771321054714,4.22626398820149,12,52,695,13.4,5,0,0,0,0,52,695,13.4,5,"1"
"371","hunter sharp",71,198,4.58,32.5,116,7.12,4.19,11,71,835,11.8,9,8,20,2.5,0,79,855,10.8,9,"0"
"372","tajae sharpe",74,194,4.55,33.5,114,6.94571440654315,4.19809708825983,12,111,1319,11.9,5,1,-3,-3,0,112,1316,11.8,5,"0"
"373","sterling shepard",70,194,4.48,41,123,7,4.35,13,86,1288,15,11,1,5,5,0,87,1293,14.9,11,"1"
"374","michael thomas",75,212,4.57,35,126,6.8,4.13,13,56,781,13.9,9,0,0,0,0,56,781,13.9,9,"1"
"375","laquon treadwell",74,221,4.52,33,117,7.01725904705608,4.22515411376904,13,82,1153,14.1,11,1,-5,-5,0,83,1148,13.8,11,"1"
"376","rodney adams",73,189,4.44,29.5,125,6.98,4.28,13,67,822,12.3,5,23,231,10,5,90,1053,11.7,10,"0"
"377","quincy adeboyejo",75,197,4.42,34.5,123,6.73,4.14,12,35,456,13,1,0,0,0,0,35,456,13,1,"1"
"378","victor bolden jr ",68,178,4.54,32,117,6.83,4.22,12,46,542,11.8,2,28,329,11.8,2,74,871,11.8,4,"1"
"379","jehu chesson",75,204,4.47,35.5,132,6.7,4.09,13,50,764,15.3,9,8,155,19.4,2,58,919,15.8,11,"1"
"380","stacy coley",73,195,4.45,34,122,6.94083688432586,4.19693451158217,13,63,754,12,9,0,0,0,0,63,754,12,9,"1"
"381","amara darboh",74,214,4.45,36,124,6.97530506006366,4.21466115791604,13,58,727,12.5,5,2,2,1,0,60,729,12.2,5,"1"
"382","corey davis",75,209,NA,NA,NA,NA,NA,14,97,1500,15.5,19,1,0,0,0,98,1500,15.3,19,"0"
"383","robert davis",75,219,4.44,41,136,6.82,4.28,12,67,968,14.4,5,0,0,0,0,67,968,14.4,5,"0"
"384","malachi dupre",74,196,4.52,39.5,135,7.19,4.26,11,41,593,14.5,3,0,0,0,0,41,593,14.5,3,"1"
"385","isaiah ford",73,194,4.61,35.5,127,6.94,4.34,13,79,1094,13.8,7,6,33,5.5,0,85,1127,13.3,7,"1"
"386","shelton gibson",71,191,4.5,32,118,6.83,4.2,13,43,951,22.1,8,2,29,14.5,0,45,980,21.8,8,"1"
"387","chris godwin",73,209,4.42,36,126,7.01,4,13,59,982,16.6,11,1,13,13,0,60,995,16.6,11,"1"
"388","kenny golladay",76,218,4.5,35.5,120,7,4.15,12,87,1156,13.3,8,20,192,9.6,2,107,1348,12.6,10,"0"
"389","chad hansen",74,202,4.53,35,119,6.74,4.13,10,92,1249,13.6,11,0,0,0,0,92,1249,13.6,11,"1"
"390","keon hatcher",73,212,4.64,33.8376564200146,120.715577980608,7.03470348296959,4.25248685848438,2,13,198,15.2,2,1,0,0,0,14,198,14.1,2,"1"
"391","carlos henderson",71,199,4.46,36,131,7.18,4.35,13,82,1535,18.7,19,14,133,9.5,2,96,1668,17.4,21,"0"
"392","mack hollins",76,221,4.53,35.1175270409922,124.042085034912,7.0289889099823,4.26013739794182,7,16,309,19.3,4,0,0,0,0,16,309,19.3,4,"1"
"393","josh malone",75,208,4.4,30.5,121,7.05,4.19,13,50,972,19.4,11,0,0,0,0,50,972,19.4,11,"1"
"394","isaiah mckenzie",67,173,4.42,36,123,6.64,4.15,13,44,633,14.4,7,19,134,7.1,2,63,767,12.2,9,"1"
"395","zach pascal",74,219,4.55,36,126,7.11,4.29,13,65,946,14.6,9,23,145,6.3,0,88,1091,12.4,9,"0"
"396","josh reynolds",75,194,4.52,37,124,6.83,4.13,13,61,1039,17,12,0,0,0,0,61,1039,17,12,"1"
"397","travis rudolph",72,189,4.65,31.5,114,6.93,4.46,13,56,840,15,7,0,0,0,0,56,840,15,7,"1"
"398","curtis samuel",71,196,4.31,37,119,7.09,4.33,13,74,865,11.7,7,97,771,7.9,8,171,1636,9.6,15,"1"
"399","ricky seals-jones",77,243,4.69,28,121,7.46,4.33,9,26,333,12.8,1,0,0,0,0,26,333,12.8,1,"1"
"400","juju smith-schuster",73,215,4.54,32.5,120,7.01120018774496,4.23217277042098,13,70,914,13.1,10,5,27,5.4,0,75,941,12.5,10,"1"
"401","ardarius stewart",71,204,4.49,34,124,6.97264073307169,4.2260097293513,12,54,864,16,8,8,68,8.5,0,62,932,15,8,"1"
"402","ryan switzer",68,181,4.51,32,116,6.77,4,13,96,1112,11.6,6,3,14,4.7,0,99,1126,11.4,6,"1"
"403","trent taylor",68,181,4.63,33,117,6.74,4.01,14,136,1803,13.3,12,0,0,0,0,136,1803,13.3,12,"0"
"404","dede westbrook",72,178,NA,NA,NA,NA,NA,13,80,1524,19.1,17,10,101,10.1,0,90,1625,18.1,17,"1"
"405","jesus wilson",69,189,4.57,33.3001708750971,119,7.14999358852518,4.57,7,30,390,13,1,1,6,6,0,31,396,12.8,1,"1"
"406","marcell ateman",76,216,4.62,34,121,7.07,4.25,13,59,1156,19.6,8,0,0,0,0,59,1156,19.6,8,"1"
"407","braxton berrios",69,184,NA,NA,NA,NA,NA,13,55,679,12.3,9,0,0,0,0,55,679,12.3,9,"1"
"408","deontay burnett",72,186,NA,NA,NA,NA,NA,14,86,1114,13,9,2,-2,-1,0,88,1112,12.6,9,"1"
"409","deon cain",74,202,4.43,33.5,115,6.71,4.37,14,58,734,12.7,6,0,0,0,0,58,734,12.7,6,"1"
"410","antonio callaway",71,200,4.41,34,121,6.95719016691845,4.218171906125,12,54,721,13.4,3,5,32,6.4,1,59,753,12.8,4,"1"
"411","d j  chark",75,199,4.34,40,129,6.89923931968151,4.19969598400785,13,40,874,21.9,3,12,63,5.3,1,52,937,18,4,"1"
"412","keke coutee",70,181,4.43,34.5,113,6.93,4.15,13,93,1429,15.4,10,5,15,3,0,98,1444,14.7,10,"1"
"413","robert foster",74,196,4.41,31,116,6.9,4.2,10,14,174,12.4,1,1,12,12,0,15,186,12.4,1,"1"
"414","michael gallup",73,205,4.51,36,122,6.95,4.37,13,100,1418,14.2,7,0,0,0,0,100,1418,14.2,7,"0"
"415","daesean hamilton",73,203,4.48944777571744,34.5,118,6.84,4.15,13,53,857,16.2,9,1,2,2,0,54,859,15.9,9,"1"
"416","quadree henderson",68,192,4.5,32.5,120,6.89,4.28,12,17,186,10.9,0,36,251,7,0,53,437,8.2,0,"1"
"417","christian kirk",70,201,4.47,35.5,115,7.09,4.45,13,71,919,12.9,10,4,31,7.8,0,75,950,12.7,10,"1"
"418","chris lacy",75,205,4.51,33.5,120,6.99248419824877,4.24897678076918,11,20,264,13.2,0,1,26,26,0,21,290,13.8,0,"1"
"419","jordan lasley",73,203,4.5,34.5,112,6.96995311654143,4.19,9,69,1264,18.3,9,4,-6,-1.5,0,73,1258,17.2,9,"1"
"420","allen lazard",77,227,4.55,38,122,6.99551845385764,4.19521253657445,13,71,941,13.3,10,0,0,0,0,71,941,13.3,10,"1"
"421","ray-ray mccloud",69,190,4.53,34.5,113,6.93579190939832,4.20155693803021,14,49,503,10.3,1,6,30,5,0,55,533,9.7,1,"1"
"422","anthony miller",71,201,NA,NA,NA,NA,NA,13,96,1462,15.2,18,10,25,2.5,0,106,1487,14,18,"0"
"423","steven mitchell",70,189,4.56,32.5,121,6.75,4.4,10,41,644,15.7,4,1,10,10,0,42,654,15.6,4,"1"
"424","d j  moore",72,210,4.42,39.5,132,6.95,4.07,12,80,1033,12.9,8,5,61,12.2,1,85,1094,12.9,9,"1"
"425","dante pettis",72,186,NA,NA,NA,NA,NA,13,63,761,12.1,7,3,50,16.7,0,66,811,12.3,7,"1"
"426","cam phillips",72,201,NA,NA,NA,NA,NA,12,71,964,13.6,7,1,10,10,0,72,974,13.5,7,"1"
"427","byron pringle",73,203,4.46,33.5,120,6.87,4.4,12,30,724,24.1,6,1,15,15,0,31,739,23.8,6,"1"
"428","trey quinn",71,203,4.55,33.5,116,6.91,4.19,13,114,1236,10.8,13,1,0,0,0,115,1236,10.7,13,"0"
"429","calvin ridley",72,189,4.43,31,110,6.88,4.41,14,63,967,15.3,5,2,17,8.5,0,65,984,15.1,5,"1"
"430","jaleel scott",77,218,4.56,34.5,124,7.2,4.4,12,76,1079,14.2,9,0,0,0,0,76,1079,14.2,9,"0"
"431","equanimeous st  brown",77,214,4.48,35.4865258867987,123.774033239448,6.99237497204611,4.25157053943803,12,33,515,15.6,4,0,0,0,0,33,515,15.6,4,"0"
"432","courtland sutton",75,218,4.54,35.5,124,6.57,4.11,13,68,1085,16,12,1,2,2,1,69,1087,15.8,13,"0"
"433","auden tate",77,228,4.68,31,112,7.07660229105363,4.26535143681036,12,40,548,13.7,10,0,0,0,0,40,548,13.7,10,"1"
"434","marquez valdes-scantling",76,206,4.37,30.5,124,6.99681917058381,4.27893238129729,12,53,879,16.6,6,8,108,13.5,1,61,987,16.2,7,"0"
"435","james washington",71,213,4.54,34.5,120,7.11,4.32,13,74,1549,20.9,13,3,12,4,1,77,1561,20.3,14,"1"
"436","jester weah",74,211,4.43,38,129,7.24,4.41,11,41,698,17,4,0,2,0,0,41,700,17.1,4,"1"
"437","cedrick wilson",74,197,4.55,37,121,6.89,4.23,14,83,1511,18.2,7,9,13,1.4,0,92,1524,16.6,7,"0"
"438","javon wims",75,215,4.53,33.5,113,7,4.23930169499846,14,45,720,16,7,0,0,0,0,45,720,16,7,"1"
"439","j j  arcega-whiteside",74,225,NA,NA,NA,NA,NA,12,63,1059,16.8,14,0,0,0,0,63,1059,16.8,14,"1"
"440","miles boykin",76,220,4.42,43.5,140,6.77,4.07,13,59,872,14.8,8,0,0,0,0,59,872,14.8,8,"0"
"441","a j  brown",72,226,4.49,36.5,120,7.00159261661458,4.21222577958522,12,85,1320,15.5,6,0,0,0,0,85,1320,15.5,6,"1"
"442","marquise brown",69,166,NA,NA,NA,NA,NA,12,75,1318,17.6,10,2,0,0,0,77,1318,17.1,10,"1"
"443","hakeem butler",77,227,4.48,36,128,7.00863160472347,4.24979148452544,13,60,1318,22,9,0,0,0,0,60,1318,22,9,"1"
"444","parris campbell",72,205,4.31,40,135,6.82029594175903,4.03,14,90,1063,11.8,12,9,24,2.7,0,99,1087,11,12,"1"
"445","greg dortch",67,173,NA,NA,NA,NA,NA,12,89,1078,12.1,8,5,20,4,0,94,1098,11.7,8,"1"
"446","travis fulgham",74,215,4.58,36.5,126,6.98371105351338,4.23110545760983,12,63,1083,17.2,9,0,0,0,0,63,1083,17.2,9,"0"
"447","terry godwin",71,184,4.55,36.5,117,6.96,4.21127741644198,12,23,385,16.7,3,0,0,0,0,23,385,16.7,3,"1"
"448","mecole hardman",70,187,4.33,36.5,119,6.89336117298239,4.1862108872908,14,35,543,15.5,7,5,36,7.2,0,40,579,14.5,7,"1"
"449","kelvin harmon",74,221,4.6,32.5,117,7.15,4.32,12,81,1186,14.6,7,0,0,0,0,81,1186,14.6,7,"1"
"450","n'keal harry",74,228,4.53,38.5,122,6.99522114596526,4.19351396609252,12,73,1088,14.9,9,7,10,1.4,1,80,1098,13.7,10,"1"
"451","lil'jordan humphrey",76,210,4.75,33.5,119,7.09,4.29,14,86,1176,13.7,9,6,25,4.2,1,92,1201,13.1,10,"1"
"452","jalen hurd",77,226,NA,NA,NA,NA,NA,12,69,946,13.7,4,48,209,4.4,3,117,1155,9.9,7,"1"
"453","andy isabella",69,188,4.31,36.5,121,6.95,4.15,12,102,1698,16.6,13,11,79,7.2,1,113,1777,15.7,14,"0"
"454","gary jennings",73,214,4.42,37,127,7.32,4.15,11,54,917,17,13,0,0,0,0,54,917,17,13,"1"
"455","diontae johnson",70,183,4.53,33.5,123,7.09,4.45,13,49,761,15.5,8,2,17,8.5,0,51,778,15.3,8,"0"
"456","keesean johnson",73,201,4.6,30,117,7.28,4.23,14,95,1340,14.1,8,4,14,3.5,0,99,1354,13.7,8,"0"
"457","bisi johnson",72,204,4.51,38,124,6.88,4.16,11,54,796,14.7,4,0,0,0,0,54,796,14.7,4,"0"
"458","terry mclaurin",72,208,4.35,37.5,125,7.01,4.15,12,35,701,20,11,0,0,0,0,35,701,20,11,"1"
"459","d k  metcalf",75,228,4.33,40.5,134,7.38,4.5,7,26,569,21.9,5,0,0,0,0,26,569,21.9,5,"1"
"460","dillon mitchell",73,197,4.46,36.5,122,6.96927519264169,4.29,13,75,1184,15.8,10,1,5,5,0,76,1189,15.6,10,"1"
"461","stanley morgan",72,202,4.53,38.5,125,6.78,4.13,12,70,1004,14.3,7,1,4,4,0,71,1008,14.2,7,"1"
"462","hunter renfrow",70,184,4.59,35,116,6.8,4.19,15,49,544,11.1,1,0,0,0,0,49,544,11.1,1,"1"
"463","riley ridley",73,199,4.58,30.5,124,7.22,4.28,14,43,559,13,9,0,0,0,0,43,559,13,9,"1"
"464","deebo samuel",71,214,4.48,39,122,7.03,4.14,12,62,882,14.2,11,8,26,3.3,0,70,908,13,11,"1"
"465","darius slayton",73,190,4.39,40.5,135,7,4.15,11,35,670,19.1,5,0,0,0,0,35,670,19.1,5,"1"
"466","cody thompson",73,205,4.57,38.5,119,6.87,4.03,5,28,537,19.2,4,0,0,0,0,28,537,19.2,4,"0"
"467","antoine wesley",76,206,4.50882299491914,37,117,7.07,4.26,12,88,1410,16,9,1,-2,-2,0,89,1408,15.8,9,"1"
"468","brandon aiyuk",72,205,4.5,40,128,6.92263805116767,4.17582868190021,12,65,1192,18.3,8,1,6,6,0,66,1198,18.2,8,"1"
"469","lynn bowden",71,204,NA,NA,NA,NA,NA,13,30,348,11.6,1,185,1468,7.9,13,215,1816,8.4,14,"1"
"470","lawrence cager",77,220,NA,NA,NA,NA,NA,8,33,476,14.4,4,0,0,0,0,33,476,14.4,4,"1"
"471","marquez callaway",73,205,4.55,38,126,6.94908999718023,4.22236980234046,13,30,635,21.2,6,0,0,0,0,30,635,21.2,6,"1"
"472","chase claypool",76,238,4.42,40.5,126,6.98974017977575,4.2023116095069,13,66,1037,15.7,13,0,0,0,0,66,1037,15.7,13,"0"
"473","tyrie cleveland",74,209,4.46,39.5,126,6.9439979648953,4.2021789403554,12,25,351,14,1,0,0,0,0,25,351,14,1,"1"
"474","gabriel davis",74,216,4.54,35,124,7.08,4.59,12,72,1241,17.2,12,0,0,0,0,72,1241,17.2,12,"0"
"475","devin duvernay",70,200,4.39,35.5,123,7.13,4.2,13,106,1386,13.1,9,10,24,2.4,1,116,1410,12.2,10,"1"
"476","bryan edwards",75,212,NA,NA,NA,NA,NA,10,71,816,11.5,6,2,22,11,0,73,838,11.5,6,"1"
"477","aaron fuller",71,188,4.59,34,118,7.14,4.25083076614628,12,59,702,11.9,6,0,0,0,0,59,702,11.9,6,"1"
"478","antonio gandy-golden",76,223,4.6,36,127,7.33,4.55,13,79,1396,17.7,10,0,0,0,0,79,1396,17.7,10,"0"
"479","antonio gibson",72,228,4.39,35,118,7.01734749582595,4.26480711505107,14,38,735,19.3,8,33,369,11.2,4,71,1104,15.5,12,"0"
"480","kj hamler",69,178,NA,NA,NA,NA,NA,13,56,904,16.1,8,13,43,3.3,0,69,947,13.7,8,"1"
"481","tee higgins",76,216,NA,NA,NA,NA,NA,15,59,1167,19.8,13,1,36,36,1,60,1203,20.1,14,"1"
"482","john hightower",73,189,4.43,38.5,122,7.07,4.21,14,51,943,18.5,8,16,154,9.6,0,67,1097,16.4,8,"0"
"483","k j  hill",72,196,4.6,32.5,114,6.96797401832367,4.20718175142908,14,57,636,11.2,10,1,1,1,0,58,637,11,10,"1"
"484","isaiah hodgins",76,210,4.61,36.5,124,7.01,4.12,12,86,1171,13.6,13,0,0,0,0,86,1171,13.6,13,"1"
"485","justin jefferson",73,202,4.43,37.5,126,6.9099273613599,4.14535317949037,15,111,1540,13.9,18,0,0,0,0,111,1540,13.9,18,"1"
"486","van jefferson",73,200,NA,NA,NA,NA,NA,12,49,657,13.4,6,1,7,7,0,50,664,13.3,6,"1"
"487","jauan jennings",75,215,4.72,29,119,7.06065588536012,4.28592982166151,13,59,969,16.4,8,13,51,3.9,1,72,1020,14.2,9,"1"
"488","jerry jeudy",73,193,4.45,35,120,7.08235316171105,4.53,13,77,1163,15.1,10,1,1,1,0,78,1164,14.9,10,"1"
"489","collin johnson",78,222,NA,NA,NA,NA,NA,7,38,559,14.7,3,0,0,0,0,38,559,14.7,3,"1"
"490","juwan johnson",76,230,4.58,33,124,6.94,4.37,8,30,467,15.6,4,0,0,0,0,30,467,15.6,4,"1"
"491","tyler johnson",73,206,NA,NA,NA,NA,NA,13,86,1318,15.3,13,1,-1,-1,0,87,1317,15.1,13,"1"
"492","ceedee lamb",74,198,4.5,34.5,124,6.94780348694402,4.21236731756179,13,62,1327,21.4,14,9,20,2.2,1,71,1347,19,15,"1"
"493","austin mack",73,208,4.59,31.5,117,7.11357139914434,4.42,10,27,361,13.4,3,0,0,0,0,27,361,13.4,3,"1"
"494","denzel mims",75,207,4.38,38.5,131,6.66,4.43,13,66,1020,15.5,12,0,0,0,0,66,1020,15.5,12,"1"
"495","darnell mooney",70,176,4.38,37,124,6.86490533994605,4.18699390705427,13,48,713,14.9,5,0,0,0,0,48,713,14.9,5,"0"
"496","k j  osborn",71,203,4.48,37.5,123,7,4.35,13,50,547,10.9,5,5,15,3,0,55,562,10.2,5,"1"
"497","dezmon patmon",76,225,4.48,36,132,7.28,4.38,13,58,762,13.1,8,0,0,0,0,58,762,13.1,8,"1"
"498","donovan peoples-jones",74,212,4.48,44.5,139,6.90986985030618,4.1529944564861,11,34,438,12.9,6,2,-7,-3.5,0,36,431,12,6,"1"
"499","michael pittman",76,223,4.52,36.5,121,6.96,4.14,13,101,1275,12.6,11,0,0,0,0,101,1275,12.6,11,"1"
"500","james proche",71,201,4.52477244384068,34.5,119.138419864207,7.27,4.4,13,111,1225,11,15,4,18,4.5,0,115,1243,10.8,15,"0"
"501","jalen reagor",71,206,4.47,42,138,7.31,4.46,12,43,611,14.2,5,14,89,6.4,0,57,700,12.3,5,"1"
"502","joe reed",72,224,4.47,38,123,6.98196380633426,4.1848619724043,13,77,679,8.8,7,8,42,5.3,0,85,721,8.5,7,"1"
"503","henry ruggs iii",71,188,4.27,42,131,6.84737246276767,4.1466278628238,12,40,746,18.7,7,2,75,37.5,1,42,821,19.5,8,"1"
"504","laviska shenault jr ",73,227,4.58,34.5461463819714,120.120774751444,7.0441121393076,4.24758913502636,11,56,764,13.6,4,23,161,7,2,79,925,11.7,6,"1"
"505","freddie swain",72,197,4.46,36.5,124,7.05,4.26,12,38,517,13.6,7,4,27,6.8,0,42,544,13,7,"1"
"506","ben victor",76,198,4.6,35,128,7.1,4.26823681436406,12,35,573,16.4,6,0,0,0,0,35,573,16.4,6,"1"
"507","quez watkins",72,185,4.35,36.5,125,7.28,4.36,12,64,1178,18.4,6,1,1,1,0,65,1179,18.1,6,"0"
"508","tutu atwell",68,155,4.42,33,117,6.89,4.14,9,46,625,13.6,7,2,-2,-1,1,48,623,13,8,"1"
"509","rashod bateman",72,190,4.39,36,123,6.93180422821061,4.18301848328119,5,36,472,13.1,2,0,0,0,0,36,472,13.1,2,"1"
"510","tarik black",74,213,4.54,40,132,6.91,4.26,6,10,240,24,1,0,0,0,0,10,240,24,1,"1"
"511","dyami brown",72,189,4.46,35,128,6.87,4.35,11,55,1099,20,8,0,0,0,0,55,1099,20,8,"1"
"512","frank darby",72,201,4.56,34.5,117,7.05,4.25,2,6,46,7.7,1,0,0,0,0,6,46,7.7,1,"1"
"513","jaelon darden",67,174,4.47,35.5,122,6.66,3.98,9,74,1190,16.1,19,1,-3,-3,0,75,1187,15.8,19,"0"
"514","d'wayne eskridge",68,190,4.38,35,124,6.93,4.22,4,3,73,24.3,0,0,0,0,0,3,73,24.3,0,"0"
"515","simi fehoko",75,222,4.44,34.5,120,6.78,4.26,6,37,574,15.5,3,1,-1,-1,0,38,573,15.1,3,"1"
"516","dez fitzpatrick",73,208,4.43,35,122.786496768302,7.09,4.26,11,43,833,19.4,3,0,0,0,0,43,833,19.4,3,"1"
"517","racey mcmath",74,217,4.36,34,124,7.38,4.38,5,14,195,13.9,1,0,0,0,0,14,195,13.9,1,"1"
"518","rondale moore",67,180,4.28,42.5,127.667829547615,6.65,4.06,4,29,387,13.3,2,3,3,1,0,32,390,12.2,2,"1"
"519","dazz newsome",70,190,4.59,34,121,7.38,4.38,12,54,684,12.7,6,2,21,10.5,1,56,705,12.6,7,"1"
"520","tre nixon",72,187,4.44,35.5,125,6.81,4.27,4,19,260,13.7,2,0,0,0,0,19,260,13.7,2,"0"
"521","cornell powell",72,204,4.53,36.5,128,7.03,4.21,12,53,882,16.6,7,0,0,0,0,53,882,16.6,7,"1"
"522","amari rodgers",69,212,4.52,33,121,7.07,4.31,12,77,1020,13.2,7,0,0,0,0,77,1020,13.2,7,"1"
"523","anthony schwartz",72,186,4.27,32,123,7.13,4.25,10,54,636,11.8,3,4,-6,-1.5,0,58,630,10.9,3,"1"
"524","ihmir smith-marsette",72,181,4.43,37,124,7,4.2,7,25,345,13.8,4,7,54,7.7,1,32,399,12.5,5,"1"
"525","marquez stevenson",70,180,4.48,33,122,6.76,4.14,5,20,307,15.4,4,3,16,5.3,0,23,323,14,4,"0"
"526","dillon stoner",72,194,4.51,37,123,6.96,4.13,11,42,573,13.6,4,0,0,0,0,42,573,13.6,4,"1"
"527","amon-ra st  brown",71,197,4.51,38.5,127,6.88,4.17,6,41,478,11.7,7,0,0,0,0,41,478,11.7,7,"1"
"528","kadarius toney",71,193,4.39,39.5,136,6.88,4.25,11,70,984,14.1,10,19,161,8.5,1,89,1145,12.9,11,"1"
"529","calvin austin",68,170,4.32,39,135,6.65,4.07,12,74,1149,15.5,8,1,69,69,1,75,1218,16.2,9,"0"
"530","david bell",73,212,4.65,33,118,7.14,4.57,11,93,1286,13.8,6,3,39,13,0,96,1325,13.8,6,"1"
"531","treylon burks",74,225,4.55,33,122,7.28,4.31581403784001,12,66,1104,16.7,11,14,112,8,1,80,1216,15.2,12,"1"
"532","jahan dotson",71,178,4.43,36,121,7.28,4.25291940770077,12,91,1182,13,12,6,18,3,1,97,1200,12.4,13,"1"
"533","romeo doubs",74,201,NA,NA,NA,NA,NA,11,80,1109,13.9,11,1,4,4,0,81,1113,13.7,11,"0"
"534","erik ezukanma",74,209,4.46803916403239,36.5,126,7.02791876026545,4.38,11,48,705,14.7,4,10,138,13.8,2,58,843,14.5,6,"1"
"535","danny gray",72,186,4.33,34,126,6.91614661108775,4.21512341269873,10,49,803,16.4,9,3,40,13.3,0,52,843,16.2,9,"0"
"536","johnny johnson iii",72,197,4.6,32,121,7.21,4.54,7,19,267,14.1,2,0,0,0,0,19,267,14.1,2,"1"
"537","velus jones",72,204,4.31,33,121,6.97706994224574,4.23731743196689,10,22,280,12.7,3,3,16,5.3,0,25,296,11.8,3,"1"
"538","drake london",76,219,NA,NA,NA,NA,NA,8,88,1084,12.3,7,1,2,2,0,89,1086,12.2,7,"1"
"539","bo melton",71,189,4.34,38,121,6.98,4.17668529900054,9,47,638,13.6,6,6,69,11.5,2,53,707,13.3,8,"1"
"540","john metchie",71,187,NA,NA,NA,NA,NA,13,96,1142,11.9,8,1,8,8,0,97,1150,11.9,8,"1"
"541","skyy moore",70,195,4.41,34.5,125,7.13,4.32,5,25,388,15.5,3,1,0,0,0,26,388,14.9,3,"0"
"542","jalen nailor",71,186,4.5,38,128,7.03,4.28,9,37,695,18.8,6,1,-3,-3,0,38,692,18.2,6,"1"
"543","chris olave",72,187,4.39,32,124,6.93422552014525,4.19919137604498,11,65,936,14.4,13,0,0,0,0,65,936,14.4,13,"1"
"544","kyle philips",71,189,4.58,33.5,124,6.94608883000215,4.19630264983772,11,59,739,12.5,10,0,0,0,0,59,739,12.5,10,"1"
"545","george pickens",75,195,4.47,33,125,6.98584001721507,4.25854450821328,4,5,107,21.4,0,0,0,0,0,5,107,21.4,0,"1"
"546","alec pierce",75,211,4.41,40.5,129,7.13,4.28,14,52,884,17,8,0,0,0,0,52,884,17,8,"0"
"547","wan'dale robinson",68,178,4.44,34.5,118,6.88652805389513,4.16043815399156,13,104,1334,12.8,7,7,111,15.9,0,111,1445,13,7,"1"
"548","braylon sanders",72,194,4.48,34.5,121,6.96128162934989,4.24264015559046,7,15,376,25.1,4,0,0,0,0,15,376,25.1,4,"1"
"549","khalil shakir",72,196,4.43,34.5,124,7.28,4.21,12,77,1117,14.5,7,21,130,6.2,0,98,1247,12.7,7,"0"
"550","tyquan thornton",74,181,4.28,36.5,130,6.86671254440966,4.1720615113801,14,62,948,15.3,10,1,-11,-11,0,63,937,14.9,10,"1"
"551","jalen tolbert",73,194,4.49,36,123,7.08,4.24853139977771,11,64,1085,17,8,0,0,0,0,64,1085,17,8,"0"
"552","jameson williams",74,179,NA,NA,NA,NA,NA,15,79,1572,19.9,15,3,23,7.7,0,82,1595,19.5,15,"1"
"553","garrett wilson",72,183,4.38,36,123,6.97784637762237,4.36,11,70,1058,15.1,12,4,76,19,1,74,1134,15.3,13,"1"
"554","mike woods",73,204,4.55,34.5,125,6.98136831786616,4.22960407562992,11,35,400,11.4,2,1,2,2,0,36,402,11.2,2,"1"
