"","player","height","weight","forty","vertical","broad_jump","three_cone","shuttle","G","Cmp","Att","Pct","Yds","YPA","AYPA","TD","Int","Rate","RushAtt","RushYds","RushAvg","RushTD","ConfIndicator"
"1","rod rutherford",74,240,4.79,30.5,110,7.66,4.41,13,247,413,59.8,3679,8.9,9.2,37,14,157.4,136,150,1.1,2,"0"
"2","ell roberson",71,194,4.6,32.0712183033346,114.466459045267,6.83296837732714,4.22511073845566,13,152,294,51.7,2545,8.7,8.5,24,12,143.2,227,975,4.3,15,"1"
"3","scott rislov",73,224,4.95,30,119,7.44,4.34,11,261,437,59.7,3016,6.9,7.2,18,5,129,53,-31,-0.6,0,"0"
"4","jason fife",76,226,4.83,30.5,113,7.28,4.18,13,64,120,53.3,879,7.3,6.8,6,4,124.7,42,225,5.4,5,"0"
"5","casey clausen",75,223,4.95,30.2289019540042,110.3187924021,7.20628359184827,4.38857797217588,13,233,412,56.6,2968,7.2,7.5,27,9,134.3,64,-45,-0.7,2,"1"
"6","b j  symons",72,210,4.9,30.7107170250856,111.889016918499,7.09267562141809,4.33650647805299,13,470,719,65.4,5833,8.1,8.2,52,22,151.3,79,143,1.8,5,"1"
"7","craig krenzel",75,228,4.84,28,112,7.22,4.08,14,148,249,59.4,2110,8.5,8.2,12,7,140.9,125,368,2.9,3,"1"
"8","jared lorenzen",75,288,5.28,30.8456260434124,111.567818827679,7.33928391049828,4.41577654372601,12,191,336,56.8,2221,6.6,6.5,16,8,123.3,89,75,0.8,5,"1"
"9","j p  losman",74,224,4.73,33,116,7.18029459973792,4.36895512297325,12,251,422,59.5,3077,7.3,7.4,33,14,139.9,77,80,1,2,"0"
"10","eli manning",77,221,4.9,30.2292150432917,110.400272300224,7.17495574512302,4.37125027921556,13,275,441,62.4,3600,8.2,8.5,29,10,148.1,48,-28,-0.6,3,"1"
"11","matt mauck",74,228,4.79,30.8383726089424,111.683763773053,7.17434913783315,4.36193036509308,14,229,358,64,2825,7.9,7.7,28,14,148.2,79,97,1.2,1,"1"
"12","luke mccown",76,208,4.71,37.5,125,6.74,4.21,12,246,432,56.9,3246,7.5,6.9,19,14,128.1,71,-80,-1.1,1,"0"
"13","john navarre",78,246,5.19,26.5,100,7.73,4.46,13,270,456,59.2,3331,7.3,7.4,24,10,133.6,48,-91,-1.9,0,"1"
"14","cody pickett",75,233,4.79,30.5,109,7.19,4.3,12,257,454,56.6,3043,6.7,6.1,15,13,118.1,80,-61,-0.8,3,"0"
"15","jeff smoker",75,223,4.95,26.5,101,7.65,4.36,13,302,488,61.9,3395,7,6.5,21,14,128.8,63,-116,-1.8,3,"1"
"16","josh harris",73,238,4.78,31,115,6.99754296020736,4.28554525645613,14,325,494,65.8,3813,7.7,7.7,27,12,143.8,215,830,3.9,13,"0"
"17","philip rivers",77,229,5.08,31.0306061122776,112.097942702019,7.13506507399802,4.32740975466206,13,348,483,72,4491,9.3,10.1,34,7,170.5,78,109,1.4,3,"1"
"18","ben roethlisberger",77,241,4.75,31.0638483146494,111.978865542811,7.17719628864697,4.34024234641074,14,342,495,69.1,4486,9.1,9.6,37,10,165.8,67,111,1.7,3,"0"
"19","matt schaub",78,243,5.04,30.5,110,7.65,4.62,11,281,403,69.7,2952,7.3,7.1,18,10,141,26,-23,-0.9,1,"1"
"20","bradlee van pelt",74,231,4.98,33.5,115,6.89,4.11,13,180,297,60.6,2845,9.6,8.9,19,13,153.4,170,909,5.3,10,"0"
"21","josh haldi",74,215,4.64,33,113,6.89,4.07,9,94,179,52.5,1384,7.7,8.4,15,4,140.6,39,89,2.3,3,"0"
"22","gino guidugli",76,229,5,29,103,7.41,4.52,11,210,342,61.4,2633,7.7,8.2,26,8,146.5,43,90,2.1,1,"0"
"23","timmy chang",73,211,5.08,29,111,7.24,4.2,13,358,602,59.5,4258,7.1,7.4,38,13,135.4,37,15,0.4,2,"0"
"24","jared allen",74,218,4.93,27.5,106,7.29,4.39,12,177,291,60.8,2554,8.8,8.4,13,8,143.8,63,-13,-0.2,2,"0"
"25","bryan randall",72,225,4.71,33,113,6.97,4.08,13,170,306,55.6,2264,7.4,7.4,21,9,134.5,136,511,3.8,3,"1"
"26","chris rix",74,214,4.7,33.5,116,7.53,4.53,8,76,149,51,865,5.8,4.1,3,7,97,32,15,0.5,1,"1"
"27","jason white",74,223,4.9,31,108,7.28,4.19,14,278,451,61.6,3846,8.5,9.3,40,10,158.1,42,-150,-3.6,1,"1"
"28","derek anderson",78,242,5.03,29,103,7.67,4.62,12,279,515,54.2,3615,7,6.7,29,17,125.1,75,-152,-2,2,"0"
"29","brock berlin",73,221,4.83,29,109,7.49,4.54,12,195,348,56,2680,7.7,8.2,22,6,138.1,42,-53,-1.3,0,"1"
"30","jason campbell",77,230,4.71,30.7866498176825,111.373522201391,7.1506338583362,4.33173410995689,13,188,270,69.6,2700,10,10.3,20,7,172.9,58,30,0.5,3,"1"
"31","stefan lefors",72,208,4.56,31,111,7.03,4.09,12,189,257,73.5,2596,10.1,11.1,20,3,181.7,71,333,4.7,3,"0"
"32","charlie frye",76,225,4.79,33,113,6.94,4.08,11,220,346,63.6,2623,7.6,7.6,18,8,139.8,100,-6,-0.1,2,"0"
"33","dan orlovsky",77,225,4.93,29.5,107,7.33,4.39,12,288,457,63,3354,7.3,6.9,23,15,134.7,32,-41,-1.3,0,"0"
"34","kyle orton",76,233,5.06,26.5,112.15556645733,7.38,4.52,11,236,389,60.7,3090,7.9,9,31,5,151.1,80,112,1.4,3,"1"
"35","aaron rodgers",74,223,4.71,34.5,110,7.38,4.33942534786532,12,209,316,66.1,2566,8.1,8.5,24,8,154.3,74,126,1.7,3,"0"
"36","david greene",75,226,4.78,31.5,115,7,4.1,12,175,299,58.5,2508,8.4,9.1,20,4,148.4,23,-67,-2.9,1,"1"
"37","alex smith",76,217,4.71,32,113,6.82,3.96,12,214,317,67.5,2952,9.3,10.8,32,4,176.5,135,631,4.7,10,"0"
"38","andrew walter",78,233,4.86,29.7752765680935,109.148118576649,7.267237954331,4.41330607732021,11,244,426,57.3,3150,7.4,7.9,30,9,138.4,58,-112,-1.9,0,"0"
"39","quinton porter",77,233,4.67,33.5,116,6.76,4.1,7,136,214,63.6,1357,6.3,5.7,9,7,124.2,31,9,0.3,0,"1"
"40","paul pinegar",77,232,5.1,29,110,7.36,4.49,13,265,416,63.7,3335,8,7.8,30,15,147.6,46,59,1.3,3,"0"
"41","drew olson",74,222,5.09,23,97,7.19405430675963,4.42,12,242,378,64,3198,8.5,9.5,34,6,161.6,50,-48,-1,1,"0"
"42","darrell hackney",72,239,4.82,33,110,7.62,4.69,11,242,386,62.7,3180,8.2,8,22,12,144.5,51,105,2.1,1,"0"
"43","kent smith",77,216,4.57,35,122,7.41,4.47,11,255,420,60.7,2799,6.7,6.8,16,6,126.4,157,443,2.8,7,"0"
"44","d j  shockley",73,214,4.56,37.5,121,7.07,4.17,12,173,310,55.8,2588,8.3,9.2,24,5,148.3,78,322,4.1,4,"1"
"45","brett basanez",73,220,4.76,34,114,6.75,4.22,12,314,497,63.2,3622,7.3,7.4,21,8,135.1,113,423,3.7,7,"1"
"46","kellen clemens",74,224,4.89,31.8963441231195,113.431206496009,7.12757022801136,4.32042114662048,8,185,289,64,2406,8.3,9,19,4,152.9,69,228,3.3,0,"0"
"47","brodie croyle",74,205,4.88,30.5,104,7.34,4.25,12,202,339,59.6,2499,7.4,7.7,14,4,132.8,64,-156,-2.4,1,"1"
"48","jay cutler",75,226,4.77,31.2144565501365,112.525478878282,7.1,4.26,11,273,462,59.1,3073,6.7,6.7,21,9,126.1,106,215,2,1,"1"
"49","bruce gradkowski",73,217,4.59,34,107,7.12,4.16,11,207,332,62.3,2469,7.4,7.6,29,12,146.4,61,291,4.8,4,"0"
"50","tarvaris jackson",74,226,4.69,31.5,107,7.4,4.38,8,14,39,35.9,143,3.7,1.9,1,2,64.9,14,-16,-1.1,0,"1"
"51","matt leinart",77,223,4.9,30.7674093676337,111.237422456039,7.13746230961023,4.33654192858823,13,283,431,65.7,3815,8.9,9.3,28,8,157.7,51,36,0.7,6,"0"
"52","reggie mcneal",74,198,4.4,32,121,6.96,4.25,10,141,265,53.2,1963,7.4,7.1,16,9,128.6,96,664,6.9,3,"1"
"53","omar jacobs",76,232,4.84,32.5,108,7.47,4.29,9,195,321,60.7,2591,8.1,8.7,26,7,150.9,40,62,1.6,1,"0"
"54","marcus vick",72,200,4.47,36,117,6.94,4.08,13,177,289,61.2,2393,8.3,7.9,17,10,143.3,147,380,2.6,6,"1"
"55","charlie whitehurst",77,223,4.75,33,112,7,4.11,11,229,340,67.4,2483,7.3,6.6,11,10,133.5,50,26,0.5,3,"1"
"56","vince young",77,229,4.48,33.0393491949472,116.585848216385,6.89225658034586,4.22617187678544,13,212,325,65.2,3036,9.3,9.6,26,10,163.9,155,1050,6.8,12,"1"
"57","james pinkney",74,208,4.79,34,112,7.35,4.49,13,232,397,58.4,2783,7,6.5,12,10,122.3,105,216,2.1,4,"0"
"58","chris leak",72,209,4.74,32.5,113,7.03,4.41,14,232,365,63.6,2942,8.1,7.7,23,13,144.9,77,30,0.4,3,"1"
"59","luke getsy",74,222,4.96,32.5,106,6.95,4.46,12,199,380,52.4,2662,7,6.7,18,11,121.1,58,-142,-2.4,0,"0"
"60","john stocco",74,207,5.08,27,104,7.29,4.6,11,158,268,59,2185,8.2,8.4,17,6,143.9,48,-79,-1.6,1,"1"
"61","zac taylor",74,216,5.06,30.5,110,7.39,4.6,14,233,391,59.6,3197,8.2,8.6,26,8,146.1,60,-32,-0.5,1,"1"
"62","jared zabransky",74,219,4.56,35.5,111,6.78,4.08,13,191,288,66.3,2587,9,9.3,23,8,162.6,98,197,2,6,"0"
"63","john beck",74,215,4.75,29.5,111,6.81,4.17,12,289,417,69.3,3885,9.3,10,32,8,169.1,50,-8,-0.2,6,"0"
"64","trent edwards",76,231,4.76,31.2724063594719,112.165505679452,7.14,4.46,11,168,268,62.7,1934,7.2,7.3,17,7,139,84,153,1.8,0,"0"
"65","matt gutierrez",76,232,5,29.5,108,6.99,4.28,8,14,22,63.6,133,6,6,0,0,114.4,7,3,0.4,0,"1"
"66","kevin kolb",75,218,4.85,32.5,112,6.94,4.44,14,292,432,67.6,3809,8.8,9.8,30,4,162.7,111,154,1.4,4,"0"
"67","tyler palko",73,215,4.83,31.5,112,7.05,4.36,12,220,322,68.3,2871,8.9,9.2,25,9,163.2,66,77,1.2,2,"0"
"68","jordan palmer",78,231,4.98,30.5,104,7.32,4.58,12,282,429,65.7,3595,8.4,8.1,26,14,149.6,47,-86,-1.8,1,"0"
"69","brady quinn",76,232,4.73,30.850999277972,111.422406589949,7.19873055726977,4.3688163742558,13,289,467,61.9,3426,7.3,8.2,37,7,146.7,82,71,0.9,2,"0"
"70","jeff rowe",77,226,4.91,29.5,114,7.16,4.42,12,241,389,62,2925,7.5,7.4,21,10,137.8,119,244,2.1,6,"0"
"71","jamarcus russell",77,265,4.83,30.3843021153441,110.595002224698,7.30018343478039,4.40548018023748,12,188,311,60.5,2443,7.9,7.5,15,9,136.6,61,-22,-0.4,2,"1"
"72","troy smith",72,225,4.72,32.3663363291817,114.740378534403,6.97416478057212,4.24914239732302,11,149,237,62.9,2282,9.6,10.2,16,4,162.7,136,611,4.5,11,"1"
"73","drew stanton",75,226,4.75,30.5,108,6.77,4.41,11,164,269,61,1807,6.7,5.9,12,10,124.7,110,445,4,5,"1"
"74","isaiah stanback",74,216,4.6,32.2623077737693,114.135751793439,7.08246228871054,4.31192705356242,8,101,189,53.4,1325,7,7.4,10,3,126.6,85,350,4.1,4,"0"
"75","t c  ostrander",74,227,4.92,28.7389147544128,106.617790007618,7.29929537006587,4.46752532580635,8,130,229,56.8,1422,6.2,6.2,7,3,116.4,32,-171,-5.3,0,"0"
"76","bernard morris",75,223,4.68,24.5,109,7.06346915845387,4.30568194188288,12,253,398,63.6,3149,7.9,7.6,17,10,139.1,130,488,3.8,4,"0"
"77","anthony morelli",76,231,5.07,26.5,108,7.43,4.6,13,234,402,58.2,2651,6.6,6.4,19,10,124.2,48,-13,-0.3,0,"1"
"78","sam keller",76,241,4.99,24,107,7.07,4.35,9,205,325,63.1,2422,7.5,6.9,14,10,133.7,25,-78,-3.1,0,"1"
"79","paul smith",73,208,4.95,26.5,111,7.02,4.29,14,327,544,60.1,5065,9.3,9.5,47,19,159.8,105,119,1.1,13,"0"
"80","adam tafralis",73,221,4.78,32,108,7.14,4.33,12,251,400,62.8,3022,7.6,7.2,18,11,135.6,76,181,2.4,2,"0"
"81","kyle wright",75,218,4.85,25.5,105,7.34,4.32,10,141,241,58.5,1747,7.2,5.6,12,14,124.2,87,66,0.8,3,"1"
"82","erik ainge",77,225,4.98,21.5,108,7.51,4.6,14,325,519,62.6,3522,6.8,7.1,31,10,135.5,16,-32,-2,0,"1"
"83","john david booty",74,218,4.82,22.5,99,7.24296104854403,4.58,10,215,340,63.2,2361,6.9,7,23,10,138,23,-106,-4.6,1,"0"
"84","colt brennan",74,207,4.79,30.3637204954277,110.605321410567,7.09436898966051,4.33533450182351,12,359,510,70.4,4343,8.5,8.5,38,17,159.8,82,27,0.3,8,"0"
"85","alex brink",74,211,4.96,28,112,7.22,4.19,12,305,503,60.6,3818,7.6,7.3,26,15,135.5,63,34,0.5,0,"0"
"86","brian brohm",75,230,4.81,30,115,7.13,4.55,12,308,473,65.1,4024,8.5,8.6,30,12,152.4,57,-46,-0.8,3,"0"
"87","dennis dixon",75,195,4.58,32.769310210095,115.370483171538,6.91985583398497,4.241413520592,10,172,254,67.7,2136,8.4,9.3,20,4,161.2,105,583,5.6,9,"0"
"88","matt flynn",74,231,4.79,28,109,7.21,4.34,12,202,359,56.3,2407,6.7,6.5,21,11,125.8,100,215,2.2,4,"1"
"89","chad henne",75,230,4.92,25.5,106,7.17,4.4,10,162,278,58.3,1938,7,6.7,17,9,130.5,24,-120,-5,0,"1"
"90","kevin o'connell",77,225,4.61,31,113,7.01,4.38,12,257,439,58.5,3063,7,6.8,15,8,124.8,135,408,3,11,"0"
"91","matt ryan",77,228,4.89,30.1408078487643,110.597918493172,7.4,4.51,14,388,654,59.3,4507,6.9,6.5,31,19,127,68,2,0,2,"1"
"92","andre woodson",76,229,4.85,29.3509628702887,108.576774147074,7.25366600303107,4.41862948608805,13,327,518,63.1,3709,7.2,7.7,40,11,144.5,69,-193,-2.8,3,"1"
"93","chase holbrook",76,242,5.12,27,108,7.93,4.65,12,309,457,67.6,3361,7.4,7.1,25,14,141.3,81,-196,-2.4,2,"0"
"94","cullen harper",75,225,4.86,30,105,7.43,4.49,13,221,360,61.4,2601,7.2,6.2,13,14,126.2,54,-140,-2.6,2,"1"
"95","tom brandstater",77,220,4.87,28.5,106,6.93,4.37,13,221,371,59.6,2664,7.2,6.7,18,12,129.4,51,-50,-1,4,"0"
"96","hunter cantwell",76,235,5.22,26,99,7.4,4.59,12,221,377,58.6,2493,6.6,5.6,16,16,119.7,39,-115,-2.9,1,"0"
"97","rudy carpenter",74,218,4.89,29,100,7.25,4.47,12,213,351,60.7,2493,7.1,6.9,16,9,130.3,52,-150,-2.9,1,"0"
"98","chase daniel",72,218,4.79,33,113.854752283886,7.28,4.31,14,385,528,72.9,4335,8.2,8.2,39,18,159.4,69,281,4.1,1,"1"
"99","nate davis",73,226,4.95,26.5,99,7.07397777365582,4.28648015446133,14,258,401,64.3,3591,9,9.4,26,8,157,66,312,4.7,5,"0"
"100","josh freeman",78,248,4.9,33.5,119,7.11,4.43,12,224,382,58.6,2945,7.7,7.8,20,8,136.5,107,404,3.8,14,"1"
"101","graham harrell",74,223,4.95,29.5,98,7.45,4.56,13,442,626,70.6,5111,8.2,9,45,9,160,41,-15,-0.4,6,"1"
"102","brian hoyer",74,215,5.02,32,109,7.1,4.42,13,180,353,51,2404,6.8,6.2,9,9,111.5,43,-94,-2.2,1,"1"
"103","stephen mcgee",75,225,4.61,33,112,7.34,4.49,6,56,85,65.9,586,6.9,6.3,2,2,126.9,17,-50,-2.9,0,"1"
"104","curtis painter",75,225,4.87,29,102,7,4.48,10,227,379,59.9,2400,6.3,5.7,13,11,118.6,44,10,0.2,0,"1"
"105","mark sanchez",74,227,4.93,32.5,116,7.06,4.21,13,241,366,65.8,3207,8.8,9.4,34,10,164.6,52,16,0.3,3,"0"
"106","matthew stafford",74,225,4.81,30.5,107,7.06,4.47,13,235,383,61.4,3459,9,9.2,25,10,153.5,55,40,0.7,1,"1"
"107","pat white",72,197,4.55,35,117,7.06,4.42,12,180,274,65.7,1842,6.7,7.1,21,7,142.3,191,974,5.1,8,"0"
"108","drew willy",75,215,4.9,30.5,109,7.18,4.45,14,304,468,65,3304,7.1,7.6,25,6,139.3,65,-115,-1.8,4,"0"
"109","john parker wilson",73,219,4.75,29.5,105,7.53,4.59,14,187,323,57.9,2273,7,6.5,10,8,122.3,72,-6,-0.1,5,"1"
"110","tim hiller",76,229,4.97,32.5,118,7.1,4.54,12,309,514,60.1,3249,6.3,6.1,23,13,122.9,39,-101,-2.6,0,"0"
"111","daryll clark",74,235,4.72,31.9454682777246,113.870824988482,7.09215226670712,4.30591040133856,13,192,321,59.8,2592,8.1,8.4,19,6,143.4,79,282,3.6,10,"1"
"112","riley skinner",72,214,5.05,30,101,7.04,4.29,12,264,400,66,3160,7.9,7.9,26,12,147.8,70,56,0.8,2,"1"
"113","jevan snead",75,219,5.04,33,106,7.08,4.33,13,191,351,54.4,2632,7.5,6.1,20,20,124.8,52,101,1.9,3,"1"
"114","sam bradford",76,236,4.79,29.179712888875,107.69807627698,7.25894123877224,4.43500083679559,3,39,69,56.5,562,8.1,8.7,2,0,134.5,4,-18,-4.5,0,"1"
"115","jarrett brown",75,224,4.5,34.5,114,7.24,4.39,13,187,296,63.2,2144,7.2,6.6,11,9,130.2,117,466,4,6,"0"
"116","levi brown",75,229,4.93,31.5,106,7.07,4.43,13,321,504,63.7,4254,8.4,8.5,23,9,146.1,54,7,0.1,1,"0"
"117","sean canfield",76,223,4.93,29.5,100,7.26,4.39,13,303,446,67.9,3271,7.3,7.6,21,7,141.9,48,-160,-3.3,2,"0"
"118","jimmy clausen",75,222,4.76,30.0100864905997,109.491644060518,7.18783874198938,4.36799992824385,12,289,425,68,3722,8.8,9.7,28,4,161.4,59,-95,-1.6,3,"0"
"119","max hall",73,209,4.84,32,102,7.07,4.35,13,275,409,67.2,3560,8.7,8.8,33,14,160.1,72,75,1,2,"0"
"120","mike kafka",75,225,4.93,32,110,6.96,4.37,13,319,492,64.8,3430,7,6.5,16,12,129.3,150,295,2,8,"1"
"121","dan lefevour",75,230,4.6,29.5,110,6.93,4.22,14,318,456,69.7,3438,7.5,8.1,28,7,150.3,183,713,3.9,15,"0"
"122","thaddeus lewis",72,215,4.84,28,107,7.14224636160389,4.35437562734009,12,274,449,61,3330,7.4,7.5,20,8,134.5,86,48,0.6,4,"1"
"123","colt mccoy",73,216,4.79,31.3986200772829,114,7.07665379474109,4.32540899971825,14,332,470,70.6,3521,7.5,7.5,27,12,147.4,129,348,2.7,3,"1"
"124","tony pike",78,223,4.9,28.5,108,7.06,4.53,10,211,338,62.4,2520,7.5,8.4,29,6,149.8,31,6,0.2,2,"0"
"125","zac robinson",74,214,4.68,35,110,7.24,4.4,12,180,301,59.8,2084,6.9,6.1,15,12,126.4,111,305,2.7,4,"1"
"126","tim tebow",75,236,4.71,38.5,115,6.66,4.17,14,213,314,67.8,2895,9.2,9.8,21,5,164.2,217,910,4.2,14,"1"
"127","ryan colburn",75,233,5.12,30.8107930362669,111.273594855629,6.84,4.28,13,227,360,63.1,2817,7.8,8,23,9,144.9,95,75,0.8,3,"0"
"128","jeff van camp",77,218,4.83,31,114,6.87,4.16,12,192,335,57.3,2459,7.3,6.6,17,13,128,55,-189,-3.4,0,"0"
"129","andy dalton",74,215,4.83,29.5,106,6.93,4.27,13,209,316,66.1,2857,9,9.9,27,6,166.5,86,435,5.1,6,"0"
"130","nathan enderle",76,240,5.12,25.5,102,7.13,4.46,13,271,478,56.7,3314,6.9,6.3,22,16,123.4,59,-197,-3.3,1,"0"
"131","blaine gabbert",76,234,4.61,33.5,120,6.84,4.26,13,301,475,63.4,3186,6.7,6.5,16,9,127,112,232,2.1,5,"1"
"132","jerrod johnson",77,251,4.75,29,119,7.28,4.31,7,158,279,56.6,1947,7,6.5,14,9,125.4,79,146,1.8,2,"1"
"133","colin kaepernick",77,233,4.53,32.5,115,6.85,4.18,14,233,359,64.9,3022,8.4,8.6,21,8,150.5,173,1206,7,20,"0"
"134","jake locker",74,231,4.51,35,120,6.77,4.12,12,184,332,55.4,2265,6.8,6.6,17,9,124.2,114,385,3.4,6,"0"
"135","ryan mallett",79,253,5.37,24,103,7.25456181858104,4.39030159591444,13,266,411,64.7,3869,9.4,9.7,32,12,163.6,44,-74,-1.7,4,"1"
"136","greg mcelroy",74,220,4.84,33,107,7.11,4.45,13,222,313,70.9,2987,9.5,10.1,20,5,169,60,-12,-0.2,1,"1"
"137","cam newton",77,248,4.56,35,126,6.92,4.18,14,185,280,66.1,2854,10.2,11.2,30,7,182,264,1473,5.6,20,"1"
"138","christian ponder",74,229,4.63,34,116,6.85,4.09,12,184,299,61.5,2044,6.8,7,20,8,135.7,100,180,1.8,4,"1"
"139","ricky stanzi",76,223,4.87,32.5,110,6.95,4.43,13,221,345,64.1,3004,8.7,9.4,25,6,157.6,48,-6,-0.1,2,"1"
"140","tyrod taylor",73,217,4.47,37.5,126,6.78,4.09,14,188,315,59.7,2743,8.7,9.5,24,5,154.8,146,659,4.5,5,"1"
"141","scott tolzien",74,212,4.92,29.5,116,6.84,4.12,13,194,266,72.9,2459,9.2,9.4,16,6,165.9,30,-30,-1,0,"1"
"142","t j  yates",75,219,5.06,29.5,104,6.96,4.12,13,282,422,66.8,3418,8.1,8,19,9,145.5,79,-77,-1,3,"1"
"143","jordan jefferson",76,223,4.58,36.5,116,6.81,4.06,10,61,100,61,737,7.4,7.7,6,2,138.7,75,263,3.5,3,"1"
"144","jacory harris",75,203,4.65,37,113,7.1,4.4,11,195,300,65,2486,8.3,8.3,20,9,150.6,53,88,1.7,0,"1"
"145","darron thomas",75,220,4.77,36,121,7.17,4.28,13,211,339,62.2,2761,8.1,9.2,33,7,158.7,56,206,3.7,3,"1"
"146","kirk cousins",75,214,4.84,28.5,109,7.05,4.5,14,267,419,63.7,3316,7.9,8,25,10,145.1,37,-39,-1.1,0,"1"
"147","austin davis",74,219,4.69,31,109,6.73,4.11,14,286,475,60.2,3496,7.4,7.6,30,11,138.2,110,352,3.2,4,"0"
"148","nick foles",77,243,5.14,30.5,112,7.27911475601765,4.42901978321568,12,387,560,69.1,4334,7.7,7.6,28,14,145.6,43,-103,-2.4,0,"1"
"149","robert griffin",74,223,4.33,39,120,6.94284123457393,4.23489738600943,13,291,402,72.4,4293,10.7,11.8,37,6,189.5,179,699,3.9,10,"1"
"150","chandler harnish",74,219,4.68,32.5,112,6.78,4.15,14,237,384,61.7,3216,8.4,9.1,28,6,153,194,1379,7.1,11,"0"
"151","case keenum",73,208,4.72,32.5,103,7.10373372983083,4.32330902761799,14,428,603,71,5631,9.3,10.6,48,5,174,57,35,0.6,3,"0"
"152","ryan lindley",76,229,4.86,29.5,108,7.52,4.45,13,237,447,53,3153,7.1,7.3,23,8,125.7,18,-51,-2.8,0,"0"
"153","andrew luck",76,234,4.59,36,124,6.8,4.28,13,288,404,71.3,3517,8.7,9.4,37,10,169.7,47,150,3.2,2,"1"
"154","kellen moore",72,197,4.82,27,99,7.41,4.56,13,326,439,74.3,3800,8.7,9.7,43,9,175.2,20,-66,-3.3,0,"0"
"155","brock osweiler",79,242,4.83,30.7575175362783,111.704976703714,7.20434666422992,4.36918761712407,13,326,516,63.2,4036,7.8,7.7,26,13,140.5,83,90,1.1,3,"1"
"156","ryan tannehill",76,221,4.65,32.2686490799797,114.952386057073,7.08638978227038,4.31516356067607,13,327,531,61.6,3744,7.1,6.9,29,15,133.2,58,306,5.3,4,"1"
"157","brandon weeden",75,221,4.89,28.0881395489851,106.045765712618,7.22903689456112,4.44622736957183,13,409,565,72.4,4727,8.4,8.6,37,13,159.7,17,-102,-6,1,"1"
"158","russell wilson",71,204,4.53,34,118,6.97,4.09,14,225,309,72.8,3175,10.3,11.8,33,4,191.8,79,338,4.3,6,"1"
"159","james vandenberg",75,226,4.92,32,116,6.95,4.52,12,223,389,57.3,2249,5.8,5.2,7,8,107.7,63,16,0.3,4,"1"
"160","matt barkley",74,227,4.91,29.2721014314217,108.405465374787,7.22903948656294,4.41411700370561,11,246,387,63.6,3273,8.5,8.6,36,15,157.6,25,-72,-2.9,0,"1"
"161","tyler bray",78,232,5.05,29.5418222173489,100,7.2,4.51,12,268,451,59.4,3612,8,8.3,34,12,146.3,15,-34,-2.3,0,"1"
"162","colby cameron",74,212,4.78,30.5,112,6.98,4.28,12,359,522,68.8,4147,7.9,8.7,31,5,153.2,61,177,2.9,4,"0"
"163","zac dysert",75,231,4.81,31.3197137685479,112.579509127604,7.15267136186729,4.34804446084109,12,302,480,62.9,3483,7.3,7.2,25,12,136.1,108,265,2.5,2,"0"
"164","mike glennon",79,225,4.94,26.5,102,7.49,4.52,13,330,564,58.5,4031,7.1,6.9,31,17,130.7,56,-164,-2.9,2,"1"
"165","landry jones",76,225,5.11,31,115,7.12,4.3,13,367,555,66.1,4267,7.7,7.9,30,11,144.6,14,-110,-7.9,0,"1"
"166","collin klein",77,226,4.78,29,111,7.17,4.4,13,197,304,64.8,2641,8.7,8.4,16,9,149.2,207,920,4.4,23,"1"
"167","e j  manuel",77,237,4.65,34,118,7.08,4.21,14,263,387,68,3397,8.8,8.8,23,10,156.1,103,310,3,4,"1"
"168","ryan nassib",74,227,5.06,28.5,105,7.34,4.53,12,259,415,62.4,2685,6.5,6.6,22,9,129.9,65,39,0.6,2,"0"
"169","sean renfree",75,219,4.76,29.9681176654903,109.819869525238,7.19978180077277,4.40150695513328,12,297,441,67.3,3113,7.1,6.9,19,10,136.3,38,-50,-1.3,1,"1"
"170","matt scott",74,213,4.69,31,118,6.69,3.99,12,301,499,60.3,3620,7.3,7.1,27,14,133.5,113,506,4.5,6,"1"
"171","geno smith",74,218,4.58,33.5,124,7.11300040432453,4.32973021478189,13,369,518,71.2,4205,8.1,9.2,42,6,163.9,66,151,2.3,2,"1"
"172","tyler wilson",74,215,4.95,28.5,112,7.22,4.39,11,249,401,62.1,3387,8.4,8,21,13,143.8,41,7,0.2,0,"1"
"173","blake bortles",77,232,4.93,32.5,115,7.08,4.21,13,259,382,67.8,3581,9.4,9.6,25,9,163.4,87,272,3.1,6,"0"
"174","tajh boyd",73,222,4.84,30.5,106,7.33,4.23,13,283,413,68.5,3851,9.3,9.8,34,11,168.7,154,400,2.6,10,"1"
"175","teddy bridgewater",74,214,4.80324114492837,30,113,7.17,4.2,13,303,427,71,3970,9.3,10.3,31,4,171.1,63,78,1.2,1,"0"
"176","derek carr",74,214,4.69,34.5,110,7.11806452928395,4.2,13,454,659,68.9,5083,7.7,8.7,50,8,156.3,40,117,2.9,2,"0"
"177","david fales",74,212,4.99,28,103,7.55,4.5,12,312,487,64.1,4189,8.6,8.8,33,13,153.3,48,7,0.1,2,"0"
"178","jordan lynch",72,217,4.76,29.5,109,6.55,4.2,14,253,404,62.6,2892,7.2,7.5,24,8,138.4,292,1920,6.6,23,"0"
"179","johnny manziel",72,207,4.68,31.5,113,6.75,4.03,13,300,429,69.9,4114,9.6,10,37,13,172.9,144,759,5.3,9,"1"
"180","a j  mccarron",75,220,4.94,28,99,7.18,4.34,13,226,336,67.3,3063,9.1,9.8,28,7,167.2,34,-22,-0.6,0,"1"
"181","zach mettenberger",77,224,4.93308949429559,29.1097718813416,107.859403848979,7.20978377147922,4.38692872514902,12,192,296,64.9,3082,10.4,10.7,22,8,171.4,34,-133,-3.9,0,"1"
"182","stephen morris",74,213,4.63,30,111,7.36,4.49,13,198,344,57.6,3028,8.8,8.5,21,12,144.7,28,-88,-3.1,0,"1"
"183","aaron murray",72,207,4.84,31.8234820973871,113.638752882112,7.0379472409182,4.28790605246224,11,225,347,64.8,3075,8.9,9.2,26,9,158.8,53,186,3.5,7,"1"
"184","bryn renner",75,228,4.87,25.5,108,7.22,4.3,7,152,231,65.8,1765,7.6,7.5,10,5,139.9,46,-43,-0.9,2,"1"
"185","tom savage",76,228,4.97,27,105,7.33,4.36,13,238,389,61.2,2958,7.6,7.6,21,9,138.2,76,-208,-2.7,3,"1"
"186","connor shaw",72,206,4.66,34,116,7.07,4.33,13,180,284,63.4,2447,8.6,10.1,24,1,162.9,154,558,3.6,6,"1"
"187","logan thomas",78,248,4.61,35.5,118,7.05,4.18,13,220,429,51.3,2976,6.9,6.1,18,16,115.9,174,524,3,9,"1"
"188","keith wenning",75,218,5,28,100,7.07,4.25,13,319,498,64.1,4148,8.3,9.1,35,7,154.4,45,44,1,5,"0"
"189","anthony boone",72,231,5.03,26.5,100,7.47,4.62,13,255,453,56.3,2700,6,6,19,8,116.7,94,375,4,5,"1"
"190","brandon bridge",76,229,4.72,33,110,7.18,4.37,11,160,307,52.1,1927,6.3,6.1,15,8,115.8,101,297,2.9,4,"0"
"191","shane carden",74,218,4.94,29.5,104,7.17,4.45,13,392,617,63.5,4736,7.7,7.9,30,10,140.8,96,76,0.8,6,"0"
"192","cody fajardo",73,223,4.63,32.5,118,6.95,4.1,13,239,405,59,2498,6.2,5.8,18,11,120.1,177,1046,5.9,13,"0"
"193","garrett grayson",74,213,4.75,30.2371488184612,110.025637443593,7.16085462394454,4.35008390227058,13,270,420,64.3,4006,9.5,10.3,32,7,166.2,57,-46,-0.8,0,"0"
"194","connor halliday",75,204,4.87,28.7134235921377,107.274698543023,7.19899074023836,4.42971434722175,9,354,526,67.3,3873,7.4,7.6,32,11,145,29,-131,-4.5,0,"1"
"195","brett hundley",75,226,4.63,36,120,6.93,3.98,13,271,392,69.1,3155,8,8.6,22,5,152.7,159,644,4.1,10,"1"
"196","sean mannion",78,229,5.14,31,105,7.29,4.39,12,282,453,62.3,3164,7,6.9,15,8,128.3,48,-306,-6.4,1,"1"
"197","marcus mariota",76,222,4.52,36,121,6.87,4.11,15,304,445,68.3,4454,10,11.5,42,4,181.7,135,770,5.7,15,"1"
"198","bryce petty",75,230,4.87,34,121,6.91,4.13,12,270,428,63.1,3855,9,9.6,29,7,157.8,84,101,1.2,6,"1"
"199","blake sims",71,218,4.57,30.5,115,7.03473675135663,4.28284310315104,14,252,391,64.5,3487,8.9,9.2,28,10,157.9,83,350,4.2,7,"1"
"200","jameis winston",76,231,4.97,28.5,103,7.16,4.36,13,305,467,65.3,3907,8.4,7.7,25,18,145.5,57,65,1.1,3,"1"
"201","vernon adams",71,200,4.83,29.5,114,6.82,4.2,10,168,259,64.9,2643,10.2,11.2,26,6,179.1,83,147,1.8,2,"1"
"202","brandon allen",73,217,4.84,28,110,7.06,4.33,13,244,370,65.9,3440,9.3,9.9,30,8,166.5,55,110,2,1,"1"
"203","trevone boykin",72,212,4.77,32,110,6.95558893894689,4.4,11,256,395,64.8,3574,9,9.5,31,10,161.6,123,612,5,9,"1"
"204","jacoby brissett",76,231,4.94,31,113,7.17,4.53,13,237,395,60,2662,6.7,7.1,20,6,130.3,139,370,2.7,6,"1"
"205","connor cook",76,217,4.79,33,113,7.21,4.28,13,229,408,56.1,3131,7.7,8.1,24,7,136.6,52,56,1.1,0,"1"
"206","brandon doughty",75,213,5.22,27,103,7.49,4.52,13,375,552,67.9,4830,8.8,9.7,49,10,167.1,39,-52,-1.3,2,"0"
"207","jeff driskel",76,234,4.56,32,122,7.19,4.25,13,279,448,62.3,4026,9,9.4,27,8,154.1,92,323,3.5,5,"0"
"208","jared goff",76,215,4.82,27,110,7.17,4.47,13,341,529,64.5,4714,8.9,9.4,43,13,161.2,56,-8,-0.1,0,"1"
"209","christian hackenberg",76,223,4.78,31,114,7.04,4.33,13,192,359,53.5,2525,7,7.2,16,6,123.9,66,-80,-1.2,2,"1"
"210","kevin hogan",75,218,4.78,32.5,113,6.9,4.31,14,206,304,67.8,2867,9.4,10,27,8,171,85,336,4,6,"1"
"211","cardale jones",77,253,4.81,36,113.454681803315,7.19787049553149,4.34312677169432,10,109,175,62.3,1459,8.3,8,8,5,141.7,64,193,3,2,"1"
"212","cody kessler",73,220,4.89,29.5,104,7.32,4,14,298,446,66.8,3536,7.9,8.5,29,7,151.7,61,-149,-2.4,4,"1"
"213","paxton lynch",79,244,4.86,36,118,7.14,4.26,13,296,443,66.8,3776,8.5,9.4,28,4,157.5,87,239,2.7,2,"0"
"214","dak prescott",74,226,4.79,32.5,116,7.11,4.32,13,316,477,66.2,3793,8,8.7,29,5,151,160,588,3.7,10,"1"
"215","joel stave",77,236,4.8,33.5,115,7.29,4.33,13,225,370,60.8,2687,7.3,6.5,11,11,125.7,33,-123,-3.7,1,"1"
"216","nate sudfeld",78,234,5.02,29,105,7.16365336879844,4.34235282695708,12,247,412,60,3573,8.7,9.2,27,7,151,46,61,1.3,5,"1"
"217","c j  beathard",74,219,4.84267230311561,31,113,7.19740075186622,4.38989770737142,13,170,301,56.5,1929,6.4,6,17,10,122.3,83,-13,-0.2,2,"1"
"218","joshua dobbs",75,216,4.64,33,122,6.75,4.31,13,225,357,63,2946,8.3,8.3,27,12,150.6,150,831,5.5,12,"1"
"219","jerod evans",75,232,4.8,26.5,112,6.96707757045516,4.41,14,268,422,63.5,3552,8.4,8.9,29,8,153.1,204,846,4.1,12,"1"
"220","brad kaaya",76,214,4.9214182325841,29.1550289760621,108.023853157573,7.20449197908247,4.40467068805692,13,261,421,62,3532,8.4,8.9,27,7,150.3,37,-136,-3.7,1,"1"
"221","deshone kizer",76,233,4.83,30.5,107,7.4,4.53,12,212,361,58.7,2925,8.1,8.4,26,9,145.6,129,472,3.7,8,"0"
"222","trevor knight",73,219,4.54,35.5,125,7.04,4.14,11,193,362,53.3,2432,6.7,6.9,19,7,123.2,102,614,6,10,"1"
"223","mitch leidner",75,226,4.93,34.5,123,6.96,4.25,12,173,307,56.4,2169,7.1,5.8,8,12,116.5,111,366,3.3,10,"1"
"224","sefo liufau",75,232,5.08,27,105,7.32,4.45,12,200,319,62.7,2366,7.4,7.3,11,6,132.6,165,494,3,8,"1"
"225","patrick mahomes",74,225,4.8,30,114,6.88,4.08,12,388,591,65.7,5052,8.5,9.2,41,10,157,131,285,2.2,12,"1"
"226","nathan peterman",74,226,4.82,31,110,7.14,4.31,13,185,306,60.5,2855,9.3,10.1,27,7,163.4,72,286,4,3,"1"
"227","cooper rush",75,228,4.93,27,105,7.23,4.47,13,278,465,59.8,3540,7.6,7.1,23,16,133.2,68,-21,-0.3,1,"0"
"228","seth russell",75,213,4.66663395279333,32.5863897478419,115.326068579377,7.00390034476784,4.27789655105096,9,152,278,54.7,2126,7.6,7.8,20,8,136.9,94,506,5.4,8,"1"
"229","mitchell trubisky",74,222,4.67,27.5,116,6.87,4.25,13,304,447,68,3748,8.4,9.1,30,6,157.9,93,308,3.3,5,"1"
"230","deshaun watson",74,221,4.66,32.5,119,6.95,4.31,15,388,579,67,4593,7.9,8,41,17,151.1,165,629,3.8,9,"1"
"231","davis webb",77,229,4.79,33,118,6.92,4.21,12,382,620,61.6,4295,6.9,7.3,37,12,135.6,33,-110,-3.3,6,"1"
"232","austin allen",72,210,4.81,29.5,112,7.18,4.48,8,105,187,56.1,1427,7.6,7.5,10,5,132.5,37,-20,-0.5,1,"1"
"233","quinton flowers",70,214,4.63,32.6399478691441,112,6.81,4.57,12,188,354,53.1,2911,8.2,8.9,25,6,142.1,196,1078,5.5,11,"0"
"234","nic shimonek",75,220,4.88,28.5,101,7.28,4.32,13,328,493,66.5,3963,8,8.5,33,10,152.1,59,-66,-1.1,1,"1"
"235","josh allen",77,237,4.75,33.5,119,6.9,4.4,11,152,270,56.3,1812,6.7,6.9,16,6,127.8,92,204,2.2,5,"0"
"236","j t  barrett",73,224,4.7,30,108,7.38,4.44,14,240,371,64.7,3053,8.2,9,35,9,160.1,165,798,4.8,12,"1"
"237","kurt benkert",75,218,4.95,31,112,7.15,4.33,13,298,509,58.5,3207,6.3,6.5,25,9,124.1,65,-63,-1,0,"1"
"238","sam darnold",75,221,4.85,26.5,105,6.96,4.4,14,303,480,63.1,4143,8.6,8.5,26,13,148.1,75,82,1.1,5,"1"
"239","danny etling",74,222,4.76,30.5,114,7.09,4.37,13,165,275,60,2463,9,9.8,16,2,153,72,128,1.8,2,"1"
"240","luke falk",76,215,4.91935761614137,26.5,103,7.2246568930743,4.41721996012986,12,357,534,66.9,3593,6.7,6.8,30,13,137,67,-147,-2.2,0,"1"
"241","riley ferguson",75,212,4.98,29,110,6.96,4.4,13,299,474,63.1,4257,9,9.7,38,9,161.2,54,22,0.4,6,"0"
"242","lamar jackson",74,216,4.5655387710298,33.0314247120343,116.837150251619,6.74500290094415,4.19896089204849,13,254,430,59.1,3660,8.5,8.7,27,10,146.6,232,1601,6.9,18,"1"
"243","tanner lee",76,218,4.98,32,115,7,4.41,12,246,428,57.5,3143,7.3,6.7,23,16,129.4,30,-97,-3.2,2,"1"
"244","chase litton",77,230,4.9,29.5,106,7.49,4.53,13,266,443,60,3115,7,6.7,25,14,131.4,35,12,0.3,1,"0"
"245","baker mayfield",73,215,4.84,29,111,7,4.28,14,285,404,70.5,4627,11.5,12.9,43,6,198.9,97,311,3.2,5,"1"
"246","josh rosen",76,226,4.92,31,111,7.09,4.28,11,283,452,62.6,3756,8.3,8.5,26,10,147,50,-97,-1.9,2,"1"
"247","mason rudolph",77,235,4.9,26,111.386985122537,7.12927194608142,4.32013158278739,13,318,489,65,4904,10,10.7,37,9,170.6,61,35,0.6,10,"1"
"248","logan woodside",73,213,4.79,31.5,103,6.94,4.15,14,264,411,64.2,3882,9.4,9.9,28,8,162.2,51,34,0.7,1,"0"
"249","jake browning",74,211,4.74,29,112,7.19,4.44,14,252,388,64.9,3192,8.2,7.9,16,10,142.5,85,139,1.6,4,"1"
"250","ryan finley",76,213,4.73,30.5,116,7.2,4.2,13,326,484,67.4,3928,8.1,8.1,25,11,148,42,21,0.5,1,"1"
"251","nick fitzgerald",77,226,4.64,29.5,115,6.92803294007767,4.27795297185365,12,145,281,51.6,1767,6.3,6,16,9,116.8,221,1121,5.1,13,"1"
"252","will grier",74,217,4.84,34,112,7.09,4.28,11,266,397,67,3864,9.7,10.7,37,8,175.5,48,-90,-1.9,3,"1"
"253","dwayne haskins",75,231,5.04,28.5,112.034253845051,7.13981636603101,4.33060414831499,14,373,533,70,4831,9.1,10.3,50,8,174.1,79,108,1.4,4,"1"
"254","tyree jackson",79,249,4.59,34.5,120,7.09,4.28,14,225,407,55.3,3131,7.7,7.7,28,12,136.7,55,161,2.9,7,"0"
"255","daniel jones",77,221,4.81,33.5,120,7,4.41,11,237,392,60.5,2674,6.8,6.9,22,9,131.7,104,319,3.1,3,"1"
"256","drew lock",76,228,4.69,31,112,7.03,4.12,13,275,437,62.9,3498,8,8.5,28,8,147.7,55,175,3.2,6,"1"
"257","trace mcsorley",72,202,4.57,33,115,7.09,4.12,13,192,361,53.2,2530,7,7.1,18,7,124.6,170,798,4.7,12,"1"
"258","gardner minshew",73,225,4.97,33.5,116,7.14,4.45,13,468,662,70.7,4779,7.2,7.8,38,9,147.6,58,119,2.1,4,"1"
"259","kyler murray",70,207,4.58356319998556,33.2396391995954,116.86180229252,6.80478471636506,4.16884657361629,14,260,377,69,4361,11.6,13,42,7,199.2,140,1001,7.2,12,"1"
"260","brett rypien",74,210,4.91,33,116,7.1,4.29,13,301,447,67.3,3705,8.3,8.9,30,7,156,85,12,0.1,0,"0"
"261","kyle shurmur",76,230,4.91,29.5,106,7.51,4.53,13,254,406,62.6,3130,7.7,8.2,24,6,143.9,39,-80,-2.1,0,"1"
"262","jarrett stidham",74,218,4.81,31,110,7.28,4.33,13,224,369,60.7,2794,7.6,7.9,18,5,137.7,72,1,0,3,"1"
"263","jordan ta'amu",75,221,4.77,27.5,109,7.06,4.36,12,266,418,63.6,3918,9.4,9.4,19,8,153.5,116,342,2.9,6,"1"
"264","clayton thorson",76,222,4.91358896733665,29.7876638214919,109.575434574385,7.1907948518749,4.3958519641575,14,299,489,61.1,3183,6.5,5.8,17,15,121.2,78,-110,-1.4,9,"1"
"265","kelly bryant",75,229,4.69,35,125,7.33,4.51,4,36,54,66.7,461,8.5,8.4,2,1,146.9,30,130,4.3,2,"1"
"266","joe burrow",75,221,4.76965684464781,31.7075443826714,113.594070105751,7.02204935579485,4.26339110726767,15,402,527,76.3,5671,10.8,12.5,60,6,202,115,368,3.2,5,"1"
"267","jacob eason",78,231,4.89,27.5,110,7.5,4.75,13,260,405,64.2,3132,7.7,8,23,8,143.9,46,-69,-1.5,1,"1"
"268","jake fromm",74,219,5.01,30,111,7.27,4.51,14,234,385,60.8,2860,7.4,8.1,24,5,141.2,38,-12,-0.3,0,"1"
"269","anthony gordon",74,205,4.8745457020247,30.0500228486998,110.323787903051,7.14263273412541,4.37031666135,13,493,689,71.6,5579,8.1,8.4,48,16,157.9,51,-20,-0.4,0,"1"
"270","justin herbert",78,236,4.68,35.5,123,7.06,4.46,14,286,428,66.8,3471,8.1,9,32,6,156.8,58,50,0.9,4,"1"
"271","jalen hurts",73,222,4.59,35,125,6.76635688915071,4.17137378784499,14,237,340,69.7,3851,11.3,12.2,32,8,191.2,233,1298,5.6,20,"1"
"272","brian lewerke",74,213,4.95,31,113,7.14,4.4,13,260,436,59.6,3079,7.1,6.5,17,13,125.9,111,363,3.3,3,"1"
"273","jordan love",76,224,4.74,35.5,118,7.21,4.52,13,293,473,61.9,3402,7.2,6.4,20,17,129.1,81,175,2.2,0,"0"
"274","jake luton",78,224,4.94198671351836,28.791171466078,107.071078447461,7.25933487224809,4.44548754601938,8,140,224,62.5,1660,7.4,7.5,10,4,135.9,28,-144,-5.1,0,"1"
"275","cole mcdonald",75,215,4.58,36,121,7.13,4.52,14,326,511,63.8,4135,8.1,8.2,33,14,147.6,101,383,3.8,7,"0"
"276","steven montez",76,231,4.68,33,117,7.25,4.43,12,255,405,63,2808,6.9,6.7,17,10,130.1,65,153,2.4,3,"1"
"277","james morgan",76,229,4.89,29,112,7.51,4.64,12,207,357,58,2585,7.2,7.4,14,5,128.9,32,-40,-1.3,2,"0"
"278","shea patterson",73,212,4.71,31,116,7.14,4.5,13,214,381,56.2,3061,8,8.3,23,8,139.4,87,50,0.6,5,"1"
"279","nate stanley",76,235,4.81,28.5,108,7.26,4.48,13,237,399,59.4,2951,7.4,7.4,16,7,131.2,76,7,0.1,1,"1"
"280","tua tagovailoa",72,217,4.80117547183893,30.9669860451749,111.583827329448,7.10188610102375,4.3030738660228,9,180,252,71.4,2840,11.3,13.4,33,3,206.9,23,17,0.7,2,"1"
"281","david moore",72,200,4.86,29.5,112,7.62,4.75,6,94,164,57.3,1143,7,6.5,5,4,121,22,-3,-0.1,1,"0"
"282","ian book",72,211,4.65,32.5,115,6.99,4.19,13,240,399,60.2,3034,7.6,8.6,34,6,149.1,112,546,4.9,4,"0"
"283","sam ehlinger",73,220,4.84,36.5,114,7.15,4.44,10,194,322,60.2,2566,8,8.9,26,5,150.7,113,377,3.3,8,"1"
"284","justin fields",74,227,4.45,32.3971119132987,114.78149327904,7.04869762869317,4.27790207137832,8,158,225,70.2,2100,9.3,10.1,22,6,175.6,81,383,4.7,5,"1"
"285","feleipe franks",78,234,4.61,32.5,117,7.16,4.22,9,163,238,68.5,2107,8.9,9.5,17,4,163.1,105,204,1.9,1,"1"
"286","mac jones",74,217,4.72,32,116,7.04,4.39,13,311,402,77.4,4500,11.2,12.8,41,4,203.1,35,14,0.4,1,"1"
"287","trey lance",75,224,4.60368737608616,34.3939619027445,118.350747852647,7.13829360036688,4.29780526696227,1,15,30,50,149,5,4.8,2,1,107.1,15,143,9.5,2,"0"
"288","trevor lawrence",77,213,4.74396624955638,31.7405674181109,113.453441684168,7.0375349486675,4.28230176578261,10,231,334,69.2,3153,9.4,10.2,24,5,169.2,68,203,3,8,"1"
"289","davis mills",75,217,4.82,32,110,6.95,4.4,5,129,195,66.2,1508,7.7,7.8,7,3,139.9,30,37,1.2,3,"1"
"290","jamie newman",74,234,4.76606558568646,31.6565612038732,113.525560060198,7.06788811980272,4.30963100789836,12,220,361,60.9,2868,7.9,8,26,11,145.3,180,574,3.2,6,"1"
"291","peyton ramsey",73,215,4.77,28,108,7.28,4.41,9,172,282,61,1733,6.1,5.7,12,8,121,84,247,2.9,3,"1"
"292","zach smith",75,222,5.23,29.5,111,7.26,4.52,9,147,263,55.9,1947,7.4,6.7,13,10,126.8,36,-62,-1.7,0,"0"
"293","kevin thomson",72,198,4.75,35.5,126,6.98,4.23,9,147,263,55.9,1947,7.4,6.7,13,10,126.8,36,-62,-1.7,0,"0"
"294","zac thomas",72,205,4.59,30,115,7.06,4.28,12,186,291,63.9,2189,7.5,7.2,20,11,142.2,90,312,3.5,2,"0"
"295","kyle trask",77,236,5.1,31.5,113,7.08,4.6,12,301,437,68.9,4283,9.8,10.9,43,8,180,64,50,0.8,3,"1"
"296","jack coan",75,218,4.9,33,115,6.95,4.39,13,253,386,65.5,3150,8.2,8.6,25,7,151.8,57,-100,-1.8,2,"0"
"297","matt corral",74,212,4.69095022992947,32.091166970853,114.341211961773,6.95092546392059,4.2581620001992,13,262,386,67.9,3349,8.7,9.1,20,5,155.3,152,614,4,11,"1"
"298","dustin crum",73,210,4.75,32.5,120,7.01373118173468,4.36,4,83,113,73.5,1181,10.5,11.8,12,2,192.7,44,240,5.5,4,"0"
"299","kaleb eleby",73,208,4.756559771667,25.5,111,7.57,4.28592076040412,6,99,153,64.7,1715,11.2,13,18,2,195.1,34,38,1.1,4,"0"
"300","sam howell",73,218,4.67599197630613,32.1964783513891,114.683726041451,6.93129479040164,4.25257521611961,12,217,347,62.5,3056,8.8,9,24,9,154.2,183,828,4.5,11,"1"
"301","d'eriq king",69,196,4.60923940130196,32.9176236059581,115.335189814537,7.02620237351185,4.29254171623534,4,58,110,52.7,663,6,6.3,6,2,117.7,55,312,5.7,6,"0"
"302","kenny pickett",75,217,4.73,33.5,121,7.10236200002345,4.29,9,203,332,61.1,2408,7.3,6.8,13,9,129.6,81,145,1.8,8,"1"
"303","brock purdy",73,212,4.84,27,113.151674759738,7.21,4.45,13,292,407,71.7,3188,7.8,7.9,19,8,149,85,238,2.8,1,"1"
"304","desmond ridder",75,211,4.52,36,127,7.15,4.29,14,251,387,64.9,3334,8.6,9.2,30,8,158.7,110,355,3.2,6,"0"
"305","carson strong",75,226,4.97789155903529,28.9378331212197,107.37792657868,7.26301455741333,4.42632133739774,12,366,522,70.1,4175,8,8.7,36,8,157,51,-208,-4.1,0,"0"
"306","skylar thompson",74,217,4.91,31,112,7,4.28,3,40,64,62.5,626,9.8,11,4,0,165.3,19,38,2,3,"1"
"307","malik willis",73,219,4.60989981618186,33.1258761895642,116.279594174474,6.88936003441709,4.22708160481858,10,170,265,64.2,2250,8.5,9,20,6,155.8,141,944,6.7,14,"0"
"308","bailey zappe",73,215,4.88,30,109,7.19,4.4,14,475,686,69.2,5967,8.7,9.8,62,11,168.9,51,17,0.3,3,"0"
